{"Aeroplane": {"precision": 0.0, "recall": 0.0, "f1-score": 0.0, "support": 22}, "Anthus trivialis_Tree Pipit": {"precision": 0.7596153846153846, "recall": 0.49375, "f1-score": 0.5984848484848486, "support": 160}, "Certhia familiaris_Eurasian Treecreeper": {"precision": 0.20833333333333334, "recall": 0.05434782608695652, "f1-score": 0.08620689655172414, "support": 92}, "Coccothraustes coccothraustes_Hawfinch": {"precision": 1.0, "recall": 0.022988505747126436, "f1-score": 0.0449438202247191, "support": 87}, "Cuculus canorus_Common Cuckoo": {"precision": 0.0, "recall": 0.0, "f1-score": 0.0, "support": 3}, "Erithacus rubecula_European Robin": {"precision": 0.4798962386511025, "recall": 0.6654676258992805, "f1-score": 0.557648831951771, "support": 556}, "Fringilla coelebs_Common Chaffinch": {"precision": 0.5168650793650794, "recall": 0.7605839416058394, "f1-score": 0.6154754873006497, "support": 1370}, "Lophophanes cristatus_Crested Tit": {"precision": 0.0049261083743842365, "recall": 0.043478260869565216, "f1-score": 0.008849557522123894, "support": 23}, "Loxia curvirostra_Common Crossbill": {"precision": 0.7, "recall": 0.19444444444444445, "f1-score": 0.30434782608695654, "support": 36}, "Muscicapa striata_Spotted Flycatcher": {"precision": 0.0, "recall": 0.0, "f1-score": 0.0, "support": 173}, "None": {"precision": 0.7543713572023314, "recall": 0.9673286354900704, "f1-score": 0.8476796407185629, "support": 4683}, "Parus major_Great Tit": {"precision": 0.0, "recall": 0.0, "f1-score": 0.0, "support": 14}, "Periparus ater_Coal Tit": {"precision": 0.6774193548387096, "recall": 0.49528301886792453, "f1-score": 0.5722070844686648, "support": 212}, "Phylloscopus collybita_Common Chiffchaff": {"precision": 0.9253731343283582, "recall": 0.18397626112759644, "f1-score": 0.306930693069307, "support": 674}, "Regulus ignicapilla_Common Firecrest": {"precision": 0.9473684210526315, "recall": 0.21913043478260869, "f1-score": 0.35593220338983045, "support": 575}, "Regulus regulus_Goldcrest": {"precision": 0.07092198581560284, "recall": 0.07352941176470588, "f1-score": 0.07220216606498195, "support": 136}, "Sylvia atricapilla_Eurasian Blackcap": {"precision": 0.6912751677852349, "recall": 0.20892494929006086, "f1-score": 0.3208722741433022, "support": 493}, "Troglodytes troglodytes_Eurasian Wren": {"precision": 0.49230769230769234, "recall": 0.15384615384615385, "f1-score": 0.23443223443223446, "support": 208}, "Turdus merula_Eurasian Blackbird": {"precision": 0.3333333333333333, "recall": 0.25396825396825395, "f1-score": 0.28828828828828834, "support": 315}, "Vegetation": {"precision": 0.0, "recall": 0.0, "f1-score": 0.0, "support": 45}, "Wind": {"precision": 0.04516129032258064, "recall": 0.03608247422680412, "f1-score": 0.04011461318051576, "support": 194}, "micro avg": {"precision": 0.6377467501203659, "recall": 0.6576308211696952, "f1-score": 0.6475361752053187, "support": 10071}, "macro avg": {"precision": 0.40986513720598844, "recall": 0.22986334276273288, "f1-score": 0.2502198317084991, "support": 10071}, "weighted avg": {"precision": 0.6592516669522823, "recall": 0.6576308211696952, "f1-score": 0.6046967919835738, "support": 10071}, "samples avg": {"precision": 0.6760482822655525, "recall": 0.6865366759517176, "f1-score": 0.6712831940575673, "support": 10071}}