{"Wind": {"precision": 0.6495726495726496, "recall": 0.4175824175824176, "f1-score": 0.5083612040133779, "support": 182.0}, "Regulus ignicapilla_Common Firecrest": {"precision": 0.20202020202020202, "recall": 0.24390243902439024, "f1-score": 0.22099447513812154, "support": 82.0}, "Sylvia atricapilla_Eurasian Blackcap": {"precision": 0.1685319289005925, "recall": 0.628992628992629, "f1-score": 0.26583592938733125, "support": 407.0}, "Fringilla coelebs_Common Chaffinch": {"precision": 0.8345642540620384, "recall": 0.41001451378809867, "f1-score": 0.5498783454987834, "support": 1378.0}, "Troglodytes troglodytes_Eurasian Wren": {"precision": 0.0979020979020979, "recall": 0.20588235294117646, "f1-score": 0.13270142180094788, "support": 68.0}, "Muscicapa striata_Spotted Flycatcher": {"precision": 0.0, "recall": 0.0, "f1-score": 0.0, "support": 83.0}, "Glaucidium passerinum_Eurasian Pygmy-Owl": {"precision": 0.0, "recall": 0.0, "f1-score": 0.0, "support": 0.0}, "Pyrrhula pyrrhula_Eurasian Bullfinch": {"precision": 0.0, "recall": 0.0, "f1-score": 0.0, "support": 0.0}, "Pecking": {"precision": 0.0, "recall": 0.0, "f1-score": 0.0, "support": 0.0}, "Periparus ater_Coal Tit": {"precision": 0.0, "recall": 0.0, "f1-score": 0.0, "support": 9.0}, "Lophophanes cristatus_Crested Tit": {"precision": 0.0, "recall": 0.0, "f1-score": 0.0, "support": 15.0}, "Regulus regulus_Goldcrest": {"precision": 0.0, "recall": 0.0, "f1-score": 0.0, "support": 1.0}, "Vegetation": {"precision": 0.024390243902439025, "recall": 0.023255813953488372, "f1-score": 0.023809523809523808, "support": 43.0}, "Rain": {"precision": 0.0, "recall": 0.0, "f1-score": 0.0, "support": 0.0}, "Turdus merula_Eurasian Blackbird": {"precision": 0.17699115044247787, "recall": 0.09900990099009901, "f1-score": 0.12698412698412698, "support": 202.0}, "Certhia familiaris_Eurasian Treecreeper": {"precision": 0.0, "recall": 0.0, "f1-score": 0.0, "support": 0.0}, "Erithacus rubecula_European Robin": {"precision": 0.5833333333333334, "recall": 0.01928374655647383, "f1-score": 0.037333333333333336, "support": 363.0}, "Turdus philomelos_Song Thrush": {"precision": 0.0, "recall": 0.0, "f1-score": 0.0, "support": 0.0}, "Loxia curvirostra_Common Crossbill": {"precision": 0.0, "recall": 0.0, "f1-score": 0.0, "support": 11.0}, "Dendrocopos major_Great Spotted Woodpecker": {"precision": 0.0, "recall": 0.0, "f1-score": 0.0, "support": 0.0}, "Dryocopus martius_Black Woodpecker": {"precision": 0.0, "recall": 0.0, "f1-score": 0.0, "support": 0.0}, "None": {"precision": 0.0, "recall": 0.0, "f1-score": 0.0, "support": 0.0}, "micro avg": {"precision": 0.30271464646464646, "recall": 0.33720112517580875, "f1-score": 0.3190286094477711, "support": 2844.0}, "macro avg": {"precision": 0.12442299364253775, "recall": 0.09308744608312605, "f1-score": 0.08481356181661573, "support": 2844.0}, "weighted avg": {"precision": 0.5656182318855263, "recall": 0.33720112517580875, "f1-score": 0.360696613680308, "support": 2844.0}, "samples avg": {"precision": 0.23301687763713083, "recall": 0.33720112517580875, "f1-score": 0.2655180496952648, "support": 2844.0}}