Metric,Value
mAP (sample-wise),0.4689426616331555
cmAP (class-wise),0.15579480498389447
F0.5 Score,0.09337445542702891
