{"Aeroplane": {"precision": 0.0, "recall": 0.0, "f1-score": 0.0, "support": 22.0}, "Muscicapa striata_Spotted Flycatcher": {"precision": 0.03571428571428571, "recall": 0.018518518518518517, "f1-score": 0.024390243902439025, "support": 108.0}, "Periparus ater_Coal Tit": {"precision": 0.019230769230769232, "recall": 0.03571428571428571, "f1-score": 0.025, "support": 28.0}, "Regulus regulus_Goldcrest": {"precision": 0.4230769230769231, "recall": 0.4782608695652174, "f1-score": 0.4489795918367347, "support": 23.0}, "Rain": {"precision": 1.0, "recall": 0.4375, "f1-score": 0.6086956521739131, "support": 32.0}, "Vegetation": {"precision": 0.0, "recall": 0.0, "f1-score": 0.0, "support": 39.0}, "Troglodytes troglodytes_Eurasian Wren": {"precision": 0.32222222222222224, "recall": 0.26126126126126126, "f1-score": 0.2885572139303483, "support": 111.0}, "Erithacus rubecula_European Robin": {"precision": 0.5714285714285714, "recall": 0.02158273381294964, "f1-score": 0.0415944540727903, "support": 556.0}, "Dryocopus martius_Black Woodpecker": {"precision": 0.0, "recall": 0.0, "f1-score": 0.0, "support": 21.0}, "None": {"precision": 0.8524590163934426, "recall": 0.7735887507642144, "f1-score": 0.8111111111111111, "support": 4907.0}, "Certhia familiaris_Eurasian Treecreeper": {"precision": 0.0, "recall": 0.0, "f1-score": 0.0, "support": 3.0}, "Phylloscopus collybita_Common Chiffchaff": {"precision": 0.36106750392464676, "recall": 0.34124629080118696, "f1-score": 0.3508771929824561, "support": 674.0}, "Wind": {"precision": 0.0993939393939394, "recall": 0.43386243386243384, "f1-score": 0.16173570019723865, "support": 189.0}, "Turdus merula_Eurasian Blackbird": {"precision": 0.2867132867132867, "recall": 0.13015873015873017, "f1-score": 0.17903930131004367, "support": 315.0}, "Loxia curvirostra_Common Crossbill": {"precision": 0.0, "recall": 0.0, "f1-score": 0.0, "support": 52.0}, "Regulus ignicapilla_Common Firecrest": {"precision": 0.759493670886076, "recall": 0.5042016806722689, "f1-score": 0.6060606060606061, "support": 238.0}, "Pecking": {"precision": 0.4375, "recall": 0.875, "f1-score": 0.5833333333333334, "support": 8.0}, "Dendrocopos major_Great Spotted Woodpecker": {"precision": 0.017241379310344827, "recall": 0.04, "f1-score": 0.024096385542168676, "support": 25.0}, "Sylvia atricapilla_Eurasian Blackcap": {"precision": 0.19984326018808776, "recall": 0.5089820359281437, "f1-score": 0.28700056274620145, "support": 501.0}, "Lophophanes cristatus_Crested Tit": {"precision": 0.0, "recall": 0.0, "f1-score": 0.0, "support": 14.0}, "Fringilla coelebs_Common Chaffinch": {"precision": 0.584652862362972, "recall": 0.4411764705882353, "f1-score": 0.5028810895756941, "support": 1088.0}, "Turdus philomelos_Song Thrush": {"precision": 0.3333333333333333, "recall": 0.017241379310344827, "f1-score": 0.03278688524590164, "support": 58.0}, "micro avg": {"precision": 0.5763865260292617, "recall": 0.5639147802929427, "f1-score": 0.5700824499411072, "support": 9012.0}, "macro avg": {"precision": 0.2865168647354046, "recall": 0.24174070186171778, "f1-score": 0.22618815109186272, "support": 9012.0}, "weighted avg": {"precision": 0.6519452958330476, "recall": 0.5639147802929427, "f1-score": 0.5808043974547785, "support": 9012.0}, "samples avg": {"precision": 0.543423046987014, "recall": 0.5849207324566794, "f1-score": 0.5519432106134822, "support": 9012.0}}