{"Aeroplane": {"precision": 0.0, "recall": 0.0, "f1-score": 0.0, "support": 22}, "Certhia familiaris_Eurasian Treecreeper": {"precision": 0.0, "recall": 0.0, "f1-score": 0.0, "support": 3}, "Dendrocopos major_Great Spotted Woodpecker": {"precision": 0.0, "recall": 0.0, "f1-score": 0.0, "support": 25}, "Dryocopus martius_Black Woodpecker": {"precision": 1.0, "recall": 0.09523809523809523, "f1-score": 0.17391304347826084, "support": 21}, "Erithacus rubecula_European Robin": {"precision": 0.9078947368421053, "recall": 0.49640287769784175, "f1-score": 0.641860465116279, "support": 556}, "Fringilla coelebs_Common Chaffinch": {"precision": 0.3967741935483871, "recall": 0.8069353327085286, "f1-score": 0.5319740500463391, "support": 1067}, "Lophophanes cristatus_Crested Tit": {"precision": 0.0, "recall": 0.0, "f1-score": 0.0, "support": 14}, "Loxia curvirostra_Common Crossbill": {"precision": 0.7272727272727273, "recall": 0.15384615384615385, "f1-score": 0.253968253968254, "support": 52}, "Muscicapa striata_Spotted Flycatcher": {"precision": 0.0, "recall": 0.0, "f1-score": 0.0, "support": 108}, "None": {"precision": 0.8721030042918455, "recall": 0.828204605665376, "f1-score": 0.8495871223999163, "support": 4907}, "Pecking": {"precision": 0.0, "recall": 0.0, "f1-score": 0.0, "support": 8}, "Periparus ater_Coal Tit": {"precision": 0.2222222222222222, "recall": 0.2857142857142857, "f1-score": 0.25, "support": 28}, "Phylloscopus collybita_Common Chiffchaff": {"precision": 0.8769230769230769, "recall": 0.25370919881305637, "f1-score": 0.39355581127733025, "support": 674}, "Rain": {"precision": 0.0, "recall": 0.0, "f1-score": 0.0, "support": 32}, "Regulus ignicapilla_Common Firecrest": {"precision": 0.1280373831775701, "recall": 0.5756302521008403, "f1-score": 0.20948012232415905, "support": 238}, "Regulus regulus_Goldcrest": {"precision": 0.0, "recall": 0.0, "f1-score": 0.0, "support": 12}, "Sylvia atricapilla_Eurasian Blackcap": {"precision": 0.2644320297951583, "recall": 0.5760649087221096, "f1-score": 0.36247606892150613, "support": 493}, "Troglodytes troglodytes_Eurasian Wren": {"precision": 0.5641025641025641, "recall": 0.5945945945945946, "f1-score": 0.5789473684210528, "support": 111}, "Turdus merula_Eurasian Blackbird": {"precision": 0.75, "recall": 0.009523809523809525, "f1-score": 0.018808777429467086, "support": 315}, "Turdus philomelos_Song Thrush": {"precision": 0.04219409282700422, "recall": 0.1724137931034483, "f1-score": 0.06779661016949153, "support": 58}, "Vegetation": {"precision": 0.3333333333333333, "recall": 0.02564102564102564, "f1-score": 0.047619047619047616, "support": 39}, "Wind": {"precision": 0.07461538461538461, "recall": 0.5132275132275133, "f1-score": 0.13028878441907318, "support": 189}, "micro avg": {"precision": 0.5308040067369914, "recall": 0.6674097191261703, "f1-score": 0.5913198044734114, "support": 8972}, "macro avg": {"precision": 0.3254502158614263, "recall": 0.2448702930271218, "f1-score": 0.20501252389046257, "support": 8972}, "weighted avg": {"precision": 0.7080802915430136, "recall": 0.6674097191261703, "f1-score": 0.6366126504591447, "support": 8972}, "samples avg": {"precision": 0.5817541272377207, "recall": 0.6872414075621646, "f1-score": 0.6066691245749868, "support": 8972}}