{"Aeroplane": {"precision": 0.0, "recall": 0.0, "f1-score": 0.0, "support": 22}, "Certhia familiaris_Eurasian Treecreeper": {"precision": 0.0, "recall": 0.0, "f1-score": 0.0, "support": 3}, "Dendrocopos major_Great Spotted Woodpecker": {"precision": 1.0, "recall": 0.04, "f1-score": 0.07692307692307693, "support": 25}, "Dryocopus martius_Black Woodpecker": {"precision": 1.0, "recall": 0.14285714285714285, "f1-score": 0.25, "support": 21}, "Erithacus rubecula_European Robin": {"precision": 0.7884615384615384, "recall": 0.5161870503597122, "f1-score": 0.6239130434782608, "support": 556}, "Fringilla coelebs_Common Chaffinch": {"precision": 0.4281115879828326, "recall": 0.7478912839737581, "f1-score": 0.5445240532241556, "support": 1067}, "Lophophanes cristatus_Crested Tit": {"precision": 0.26666666666666666, "recall": 0.5714285714285714, "f1-score": 0.36363636363636365, "support": 14}, "Loxia curvirostra_Common Crossbill": {"precision": 0.6666666666666666, "recall": 0.11538461538461539, "f1-score": 0.19672131147540986, "support": 52}, "Muscicapa striata_Spotted Flycatcher": {"precision": 0.037037037037037035, "recall": 0.009259259259259259, "f1-score": 0.014814814814814815, "support": 108}, "None": {"precision": 0.8815909090909091, "recall": 0.7905033625433054, "f1-score": 0.8335661330181583, "support": 4907}, "Pecking": {"precision": 0.0, "recall": 0.0, "f1-score": 0.0, "support": 8}, "Periparus ater_Coal Tit": {"precision": 0.19753086419753085, "recall": 0.5714285714285714, "f1-score": 0.29357798165137616, "support": 28}, "Phylloscopus collybita_Common Chiffchaff": {"precision": 0.8240740740740741, "recall": 0.13204747774480713, "f1-score": 0.22762148337595908, "support": 674}, "Rain": {"precision": 0.0, "recall": 0.0, "f1-score": 0.0, "support": 32}, "Regulus ignicapilla_Common Firecrest": {"precision": 0.12976022566995768, "recall": 0.3865546218487395, "f1-score": 0.1942977824709609, "support": 238}, "Regulus regulus_Goldcrest": {"precision": 0.0, "recall": 0.0, "f1-score": 0.0, "support": 12}, "Sylvia atricapilla_Eurasian Blackcap": {"precision": 0.33025830258302585, "recall": 0.3630831643002028, "f1-score": 0.34589371980676326, "support": 493}, "Troglodytes troglodytes_Eurasian Wren": {"precision": 0.8888888888888888, "recall": 0.07207207207207207, "f1-score": 0.13333333333333333, "support": 111}, "Turdus merula_Eurasian Blackbird": {"precision": 0.5684210526315789, "recall": 0.34285714285714286, "f1-score": 0.4277227722772277, "support": 315}, "Turdus philomelos_Song Thrush": {"precision": 0.0392156862745098, "recall": 0.10344827586206896, "f1-score": 0.05687203791469194, "support": 58}, "Vegetation": {"precision": 0.0, "recall": 0.0, "f1-score": 0.0, "support": 39}, "Wind": {"precision": 0.06412213740458016, "recall": 0.2222222222222222, "f1-score": 0.0995260663507109, "support": 189}, "micro avg": {"precision": 0.5997393853838636, "recall": 0.6155818100757914, "f1-score": 0.6075573400803036, "support": 8972}, "macro avg": {"precision": 0.36867298352862715, "recall": 0.23305567427919058, "f1-score": 0.2128610897159665, "support": 8972}, "weighted avg": {"precision": 0.7084614611788597, "recall": 0.6155818100757914, "f1-score": 0.6233116967539031, "support": 8972}, "samples avg": {"precision": 0.5715251321125722, "recall": 0.6397218467084511, "f1-score": 0.5857564212854861, "support": 8972}}