{"Certhia familiaris_Eurasian Treecreeper": {"precision": 1.0, "recall": 0.02631578947368421, "f1-score": 0.05128205128205127, "support": 76}, "Dendrocopos major_Great Spotted Woodpecker": {"precision": 0.0, "recall": 0.0, "f1-score": 0.0, "support": 27}, "Dryocopus martius_Black Woodpecker": {"precision": 0.0, "recall": 0.0, "f1-score": 0.0, "support": 24}, "Erithacus rubecula_European Robin": {"precision": 0.4235294117647059, "recall": 0.5567010309278351, "f1-score": 0.4810690423162583, "support": 194}, "Fringilla coelebs_Common Chaffinch": {"precision": 0.6638888888888889, "recall": 0.44226498889711324, "f1-score": 0.5308751665926255, "support": 2702}, "Glaucidium passerinum_Eurasian Pygmy-Owl": {"precision": 0.8823529411764706, "recall": 0.5555555555555556, "f1-score": 0.6818181818181819, "support": 27}, "Lophophanes cristatus_Crested Tit": {"precision": 0.6923076923076923, "recall": 0.20930232558139536, "f1-score": 0.32142857142857145, "support": 43}, "Loxia curvirostra_Common Crossbill": {"precision": 0.22297297297297297, "recall": 0.55, "f1-score": 0.3173076923076923, "support": 60}, "Muscicapa striata_Spotted Flycatcher": {"precision": 0.6544117647058824, "recall": 0.559748427672956, "f1-score": 0.6033898305084746, "support": 159}, "Periparus ater_Coal Tit": {"precision": 0.9090909090909091, "recall": 0.06622516556291391, "f1-score": 0.1234567901234568, "support": 151}, "Pyrrhula pyrrhula_Eurasian Bullfinch": {"precision": 0.0, "recall": 0.0, "f1-score": 0.0, "support": 31}, "Regulus ignicapilla_Common Firecrest": {"precision": 0.5173697270471465, "recall": 0.5066828675577156, "f1-score": 0.5119705340699816, "support": 823}, "Regulus regulus_Goldcrest": {"precision": 0.8604651162790697, "recall": 0.2605633802816901, "f1-score": 0.3999999999999999, "support": 142}, "Sylvia atricapilla_Eurasian Blackcap": {"precision": 0.4025900900900901, "recall": 0.49480968858131485, "f1-score": 0.44396150263893197, "support": 1445}, "Troglodytes troglodytes_Eurasian Wren": {"precision": 0.23655913978494625, "recall": 0.4429530201342282, "f1-score": 0.30841121495327106, "support": 149}, "Turdus merula_Eurasian Blackbird": {"precision": 0.3728813559322034, "recall": 0.4782608695652174, "f1-score": 0.41904761904761906, "support": 46}, "Turdus philomelos_Song Thrush": {"precision": 0.452760736196319, "recall": 0.8236607142857143, "f1-score": 0.5843230403800476, "support": 448}, "micro avg": {"precision": 0.5011363636363636, "recall": 0.4715136703833817, "f1-score": 0.4858739277563548, "support": 6547}, "macro avg": {"precision": 0.48771651448454684, "recall": 0.3513555190633726, "f1-score": 0.3399024257333625, "support": 6547}, "weighted avg": {"precision": 0.5567815023902346, "recall": 0.4715136703833817, "f1-score": 0.4802477125501566, "support": 6547}, "samples avg": {"precision": 0.45401389255253666, "recall": 0.40850259386265714, "f1-score": 0.4034612051098466, "support": 6547}}