{"Aeroplane": {"precision": 0.0, "recall": 0.0, "f1-score": 0.0, "support": 22.0}, "Muscicapa striata_Spotted Flycatcher": {"precision": 0.022727272727272728, "recall": 0.009259259259259259, "f1-score": 0.013157894736842105, "support": 108.0}, "Periparus ater_Coal Tit": {"precision": 0.02127659574468085, "recall": 0.03571428571428571, "f1-score": 0.02666666666666667, "support": 28.0}, "Regulus regulus_Goldcrest": {"precision": 0.5789473684210527, "recall": 0.4782608695652174, "f1-score": 0.5238095238095238, "support": 23.0}, "Rain": {"precision": 0.7222222222222222, "recall": 0.40625, "f1-score": 0.52, "support": 32.0}, "Vegetation": {"precision": 0.07142857142857142, "recall": 0.02564102564102564, "f1-score": 0.03773584905660377, "support": 39.0}, "Troglodytes troglodytes_Eurasian Wren": {"precision": 0.29069767441860467, "recall": 0.22522522522522523, "f1-score": 0.25380710659898476, "support": 111.0}, "Erithacus rubecula_European Robin": {"precision": 0.0, "recall": 0.0, "f1-score": 0.0, "support": 556.0}, "Dryocopus martius_Black Woodpecker": {"precision": 0.0, "recall": 0.0, "f1-score": 0.0, "support": 21.0}, "None": {"precision": 0.8970548500405295, "recall": 0.6765844711636437, "f1-score": 0.7713754646840149, "support": 4907.0}, "Certhia familiaris_Eurasian Treecreeper": {"precision": 0.005235602094240838, "recall": 0.3333333333333333, "f1-score": 0.010309278350515464, "support": 3.0}, "Phylloscopus collybita_Common Chiffchaff": {"precision": 0.4122938530734633, "recall": 0.40801186943620177, "f1-score": 0.41014168530947054, "support": 674.0}, "Wind": {"precision": 0.10891089108910891, "recall": 0.0582010582010582, "f1-score": 0.07586206896551724, "support": 189.0}, "Turdus merula_Eurasian Blackbird": {"precision": 0.39285714285714285, "recall": 0.06984126984126984, "f1-score": 0.11859838274932614, "support": 315.0}, "Loxia curvirostra_Common Crossbill": {"precision": 0.3076923076923077, "recall": 0.07692307692307693, "f1-score": 0.12307692307692308, "support": 52.0}, "Regulus ignicapilla_Common Firecrest": {"precision": 0.5714285714285714, "recall": 0.5042016806722689, "f1-score": 0.5357142857142857, "support": 238.0}, "Pecking": {"precision": 0.5833333333333334, "recall": 0.875, "f1-score": 0.7, "support": 8.0}, "Dendrocopos major_Great Spotted Woodpecker": {"precision": 0.0, "recall": 0.0, "f1-score": 0.0, "support": 25.0}, "Sylvia atricapilla_Eurasian Blackcap": {"precision": 0.18375350140056024, "recall": 0.654690618762475, "f1-score": 0.2869641294838145, "support": 501.0}, "Lophophanes cristatus_Crested Tit": {"precision": 0.0, "recall": 0.0, "f1-score": 0.0, "support": 14.0}, "Fringilla coelebs_Common Chaffinch": {"precision": 0.6776947705442903, "recall": 0.5836397058823529, "f1-score": 0.6271604938271605, "support": 1088.0}, "Turdus philomelos_Song Thrush": {"precision": 0.3333333333333333, "recall": 0.017241379310344827, "f1-score": 0.03278688524590164, "support": 58.0}, "micro avg": {"precision": 0.5932182337597814, "recall": 0.5299600532623169, "f1-score": 0.5598077712008439, "support": 9012.0}, "macro avg": {"precision": 0.28094944826587664, "recall": 0.2471826876786836, "f1-score": 0.2303257562852523, "support": 9012.0}, "weighted avg": {"precision": 0.6551272561876116, "recall": 0.5299600532623169, "f1-score": 0.5704974657489769, "support": 9012.0}, "samples avg": {"precision": 0.5186944410306829, "recall": 0.5434332882716808, "f1-score": 0.5229568637089836, "support": 9012.0}}