{
  "micro_f1": 0.46960244648318045,
  "macro_f1": 0.18053668246833904,
  "weighted_f1": 0.48564832363810184,
  "samples_f1": 0.4056084257815534,
  "micro_precision": 0.5263230052097615,
  "micro_recall": 0.4239178445229682,
  "per_class_f1": {
    "Fringilla coelebs_Common Chaffinch": 0.6359009161859518,
    "None": 0.5617375781017554,
    "Phylloscopus collybita_Common Chiffchaff": 0.4960282436010591,
    "Regulus ignicapilla_Common Firecrest": 0.3838383838383838,
    "Sylvia atricapilla_Eurasian Blackcap": 0.29749303621169915,
    "Troglodytes troglodytes_Eurasian Wren": 0.275,
    "Erithacus rubecula_European Robin": 0.27492447129909364,
    "Wind": 0.2665330661322645,
    "Turdus merula_Eurasian Blackbird": 0.2606741573033708,
    "Vegetation": 0.13043478260869565,
    "Periparus ater_Coal Tit": 0.028169014084507043,
    "Aeroplane": 0.0,
    "Muscicapa striata_Spotted Flycatcher": 0.0,
    "Regulus regulus_Goldcrest": 0.0,
    "Anthus trivialis_Tree Pipit": 0.0,
    "Parus major_Great Tit": 0.0,
    "Certhia familiaris_Eurasian Treecreeper": 0.0,
    "Coccothraustes coccothraustes_Hawfinch": 0.0,
    "Loxia curvirostra_Common Crossbill": 0.0,
    "Lophophanes cristatus_Crested Tit": 0.0
  }
}