{"Certhia familiaris_Eurasian Treecreeper": {"precision": 0.30434782608695654, "recall": 0.09210526315789473, "f1-score": 0.1414141414141414, "support": 76}, "Dendrocopos major_Great Spotted Woodpecker": {"precision": 1.0, "recall": 0.3333333333333333, "f1-score": 0.5, "support": 27}, "Dryocopus martius_Black Woodpecker": {"precision": 0.2857142857142857, "recall": 0.08333333333333333, "f1-score": 0.12903225806451613, "support": 24}, "Erithacus rubecula_European Robin": {"precision": 0.5384615384615384, "recall": 0.18041237113402062, "f1-score": 0.27027027027027023, "support": 194}, "Fringilla coelebs_Common Chaffinch": {"precision": 0.9932279909706546, "recall": 0.16284233900814213, "f1-score": 0.2798092209856916, "support": 2702}, "Glaucidium passerinum_Eurasian Pygmy-Owl": {"precision": 0.0, "recall": 0.0, "f1-score": 0.0, "support": 27}, "Lophophanes cristatus_Crested Tit": {"precision": 0.8888888888888888, "recall": 0.18604651162790697, "f1-score": 0.3076923076923077, "support": 43}, "Loxia curvirostra_Common Crossbill": {"precision": 0.0, "recall": 0.0, "f1-score": 0.0, "support": 60}, "Muscicapa striata_Spotted Flycatcher": {"precision": 0.9863013698630136, "recall": 0.4528301886792453, "f1-score": 0.6206896551724138, "support": 159}, "Periparus ater_Coal Tit": {"precision": 1.0, "recall": 0.2781456953642384, "f1-score": 0.4352331606217616, "support": 151}, "Pyrrhula pyrrhula_Eurasian Bullfinch": {"precision": 0.23529411764705882, "recall": 0.12903225806451613, "f1-score": 0.16666666666666666, "support": 31}, "Regulus ignicapilla_Common Firecrest": {"precision": 0.9122137404580153, "recall": 0.29040097205346294, "f1-score": 0.44055299539170506, "support": 823}, "Regulus regulus_Goldcrest": {"precision": 0.427536231884058, "recall": 0.4154929577464789, "f1-score": 0.42142857142857143, "support": 142}, "Sylvia atricapilla_Eurasian Blackcap": {"precision": 0.9066666666666666, "recall": 0.09411764705882353, "f1-score": 0.17053291536050158, "support": 1445}, "Troglodytes troglodytes_Eurasian Wren": {"precision": 0.9444444444444444, "recall": 0.11409395973154363, "f1-score": 0.2035928143712575, "support": 149}, "Turdus merula_Eurasian Blackbird": {"precision": 0.4666666666666667, "recall": 0.30434782608695654, "f1-score": 0.3684210526315789, "support": 46}, "Turdus philomelos_Song Thrush": {"precision": 0.7941176470588235, "recall": 0.060267857142857144, "f1-score": 0.11203319502074689, "support": 448}, "micro avg": {"precision": 0.8410295230885693, "recall": 0.16969604398961358, "f1-score": 0.28240976105744786, "support": 6547}, "macro avg": {"precision": 0.6284636126359454, "recall": 0.18687073608957377, "f1-score": 0.2686687779465959, "support": 6547}, "weighted avg": {"precision": 0.8917119882099521, "recall": 0.16969604398961358, "f1-score": 0.2726348096805178, "support": 6547}, "samples avg": {"precision": 0.27231161522905123, "recall": 0.18400597907324362, "f1-score": 0.20766351383602769, "support": 6547}}