{"Aeroplane": {"precision": 0.0, "recall": 0.0, "f1-score": 0.0, "support": 22.0}, "Muscicapa striata_Spotted Flycatcher": {"precision": 0.029850746268656716, "recall": 0.018518518518518517, "f1-score": 0.022857142857142857, "support": 108.0}, "Periparus ater_Coal Tit": {"precision": 0.09090909090909091, "recall": 0.03571428571428571, "f1-score": 0.05128205128205128, "support": 28.0}, "Regulus regulus_Goldcrest": {"precision": 0.23404255319148937, "recall": 0.4782608695652174, "f1-score": 0.3142857142857143, "support": 23.0}, "Rain": {"precision": 0.12264150943396226, "recall": 0.40625, "f1-score": 0.18840579710144928, "support": 32.0}, "Vegetation": {"precision": 0.0625, "recall": 0.05128205128205128, "f1-score": 0.056338028169014086, "support": 39.0}, "Troglodytes troglodytes_Eurasian Wren": {"precision": 0.32167832167832167, "recall": 0.4144144144144144, "f1-score": 0.36220472440944884, "support": 111.0}, "Erithacus rubecula_European Robin": {"precision": 0.10256410256410256, "recall": 0.007194244604316547, "f1-score": 0.013445378151260505, "support": 556.0}, "Dryocopus martius_Black Woodpecker": {"precision": 0.0, "recall": 0.0, "f1-score": 0.0, "support": 21.0}, "None": {"precision": 0.8864942528735632, "recall": 0.7544324434481353, "f1-score": 0.8151491797864142, "support": 4907.0}, "Certhia familiaris_Eurasian Treecreeper": {"precision": 0.0, "recall": 0.0, "f1-score": 0.0, "support": 3.0}, "Phylloscopus collybita_Common Chiffchaff": {"precision": 0.4736, "recall": 0.4391691394658754, "f1-score": 0.45573518090839105, "support": 674.0}, "Wind": {"precision": 0.2764505119453925, "recall": 0.42857142857142855, "f1-score": 0.3360995850622407, "support": 189.0}, "Turdus merula_Eurasian Blackbird": {"precision": 0.2727272727272727, "recall": 0.0380952380952381, "f1-score": 0.06685236768802229, "support": 315.0}, "Loxia curvirostra_Common Crossbill": {"precision": 0.0, "recall": 0.0, "f1-score": 0.0, "support": 52.0}, "Regulus ignicapilla_Common Firecrest": {"precision": 0.75, "recall": 0.5546218487394958, "f1-score": 0.6376811594202898, "support": 238.0}, "Pecking": {"precision": 0.5384615384615384, "recall": 0.875, "f1-score": 0.6666666666666666, "support": 8.0}, "Dendrocopos major_Great Spotted Woodpecker": {"precision": 0.0, "recall": 0.0, "f1-score": 0.0, "support": 25.0}, "Sylvia atricapilla_Eurasian Blackcap": {"precision": 0.20894568690095847, "recall": 0.6526946107784432, "f1-score": 0.3165537270087125, "support": 501.0}, "Lophophanes cristatus_Crested Tit": {"precision": 0.0, "recall": 0.0, "f1-score": 0.0, "support": 14.0}, "Fringilla coelebs_Common Chaffinch": {"precision": 0.652, "recall": 0.5992647058823529, "f1-score": 0.6245210727969349, "support": 1088.0}, "Turdus philomelos_Song Thrush": {"precision": 0.07692307692307693, "recall": 0.017241379310344827, "f1-score": 0.028169014084507043, "support": 58.0}, "micro avg": {"precision": 0.6279235426807551, "recall": 0.5868841544607191, "f1-score": 0.6067106395182105, "support": 9012.0}, "macro avg": {"precision": 0.23180857563079205, "recall": 0.26230568992682357, "f1-score": 0.2252839449853755, "support": 9012.0}, "weighted avg": {"precision": 0.6567870875858467, "recall": 0.5868841544607191, "f1-score": 0.605362962120484, "support": 9012.0}, "samples avg": {"precision": 0.5765904715087461, "recall": 0.6014808897628119, "f1-score": 0.5801067434470407, "support": 9012.0}}