{"Aeroplane": {"precision": 0.0, "recall": 0.0, "f1-score": 0.0, "support": 22}, "Anthus trivialis_Tree Pipit": {"precision": 0.7962962962962963, "recall": 0.26875, "f1-score": 0.40186915887850466, "support": 160}, "Certhia familiaris_Eurasian Treecreeper": {"precision": 0.30434782608695654, "recall": 0.07608695652173914, "f1-score": 0.12173913043478261, "support": 92}, "Coccothraustes coccothraustes_Hawfinch": {"precision": 0.7857142857142857, "recall": 0.12643678160919541, "f1-score": 0.21782178217821782, "support": 87}, "Cuculus canorus_Common Cuckoo": {"precision": 0.0, "recall": 0.0, "f1-score": 0.0, "support": 3}, "Erithacus rubecula_European Robin": {"precision": 0.4569767441860465, "recall": 0.7068345323741008, "f1-score": 0.5550847457627118, "support": 556}, "Fringilla coelebs_Common Chaffinch": {"precision": 0.5353798126951093, "recall": 0.7510948905109489, "f1-score": 0.6251518833535844, "support": 1370}, "Lophophanes cristatus_Crested Tit": {"precision": 0.015873015873015872, "recall": 0.043478260869565216, "f1-score": 0.02325581395348837, "support": 23}, "Loxia curvirostra_Common Crossbill": {"precision": 0.6111111111111112, "recall": 0.3055555555555556, "f1-score": 0.40740740740740744, "support": 36}, "Muscicapa striata_Spotted Flycatcher": {"precision": 0.0, "recall": 0.0, "f1-score": 0.0, "support": 173}, "None": {"precision": 0.7513629605154469, "recall": 0.9711723254324152, "f1-score": 0.8472429210134129, "support": 4683}, "Parus major_Great Tit": {"precision": 0.0, "recall": 0.0, "f1-score": 0.0, "support": 14}, "Periparus ater_Coal Tit": {"precision": 0.9411764705882353, "recall": 0.37735849056603776, "f1-score": 0.5387205387205387, "support": 212}, "Phylloscopus collybita_Common Chiffchaff": {"precision": 0.6772277227722773, "recall": 0.5074183976261127, "f1-score": 0.5801526717557253, "support": 674}, "Regulus ignicapilla_Common Firecrest": {"precision": 0.7107438016528925, "recall": 0.44869565217391305, "f1-score": 0.5501066098081023, "support": 575}, "Regulus regulus_Goldcrest": {"precision": 0.30666666666666664, "recall": 0.16911764705882354, "f1-score": 0.21800947867298578, "support": 136}, "Sylvia atricapilla_Eurasian Blackcap": {"precision": 0.7284768211920529, "recall": 0.2231237322515213, "f1-score": 0.34161490683229817, "support": 493}, "Troglodytes troglodytes_Eurasian Wren": {"precision": 1.0, "recall": 0.02403846153846154, "f1-score": 0.04694835680751174, "support": 208}, "Turdus merula_Eurasian Blackbird": {"precision": 0.5057471264367817, "recall": 0.13968253968253969, "f1-score": 0.21890547263681595, "support": 315}, "Vegetation": {"precision": 0.0, "recall": 0.0, "f1-score": 0.0, "support": 45}, "Wind": {"precision": 0.047619047619047616, "recall": 0.02577319587628866, "f1-score": 0.033444816053511704, "support": 194}, "micro avg": {"precision": 0.6617506224861138, "recall": 0.6861284877370668, "f1-score": 0.6737191049578316, "support": 10071}, "macro avg": {"precision": 0.43689141473362963, "recall": 0.24593416284034372, "f1-score": 0.27273693782236197, "support": 10071}, "weighted avg": {"precision": 0.6547874639387223, "recall": 0.6861284877370668, "f1-score": 0.6302444721470077, "support": 10071}, "samples avg": {"precision": 0.6893593314763231, "recall": 0.710761374187558, "f1-score": 0.6889805013927576, "support": 10071}}