{"Certhia familiaris_Eurasian Treecreeper": {"precision": 1.0, "recall": 0.07894736842105263, "f1-score": 0.14634146341463414, "support": 76}, "Dendrocopos major_Great Spotted Woodpecker": {"precision": 1.0, "recall": 0.2962962962962963, "f1-score": 0.45714285714285713, "support": 27}, "Dryocopus martius_Black Woodpecker": {"precision": 1.0, "recall": 0.08333333333333333, "f1-score": 0.15384615384615385, "support": 24}, "Erithacus rubecula_European Robin": {"precision": 0.38317757009345793, "recall": 0.634020618556701, "f1-score": 0.47766990291262135, "support": 194}, "Fringilla coelebs_Common Chaffinch": {"precision": 0.6598901098901099, "recall": 0.4444855662472243, "f1-score": 0.5311808934099955, "support": 2702}, "Glaucidium passerinum_Eurasian Pygmy-Owl": {"precision": 0.5, "recall": 0.5925925925925926, "f1-score": 0.5423728813559322, "support": 27}, "Lophophanes cristatus_Crested Tit": {"precision": 0.65, "recall": 0.3023255813953488, "f1-score": 0.4126984126984127, "support": 43}, "Loxia curvirostra_Common Crossbill": {"precision": 0.30701754385964913, "recall": 0.5833333333333334, "f1-score": 0.40229885057471265, "support": 60}, "Muscicapa striata_Spotted Flycatcher": {"precision": 0.6223776223776224, "recall": 0.559748427672956, "f1-score": 0.5894039735099338, "support": 159}, "Periparus ater_Coal Tit": {"precision": 0.0059665871121718375, "recall": 0.033112582781456956, "f1-score": 0.010111223458038422, "support": 151}, "Pyrrhula pyrrhula_Eurasian Bullfinch": {"precision": 0.0, "recall": 0.0, "f1-score": 0.0, "support": 31}, "Regulus ignicapilla_Common Firecrest": {"precision": 0.3088235294117647, "recall": 0.02551640340218712, "f1-score": 0.04713804713804713, "support": 823}, "Regulus regulus_Goldcrest": {"precision": 0.0, "recall": 0.0, "f1-score": 0.0, "support": 142}, "Sylvia atricapilla_Eurasian Blackcap": {"precision": 0.5850891410048622, "recall": 0.24982698961937716, "f1-score": 0.35014548981571286, "support": 1445}, "Troglodytes troglodytes_Eurasian Wren": {"precision": 0.1262135922330097, "recall": 0.087248322147651, "f1-score": 0.10317460317460318, "support": 149}, "Turdus merula_Eurasian Blackbird": {"precision": 0.019345238095238096, "recall": 0.2826086956521739, "f1-score": 0.036211699164345405, "support": 46}, "Turdus philomelos_Song Thrush": {"precision": 0.06201550387596899, "recall": 0.017857142857142856, "f1-score": 0.027729636048526865, "support": 448}, "micro avg": {"precision": 0.3871359223300971, "recall": 0.2923476401405224, "f1-score": 0.33313027586807065, "support": 6547}, "macro avg": {"precision": 0.42528920223257977, "recall": 0.251250191429931, "f1-score": 0.2522038875096781, "support": 6547}, "weighted avg": {"precision": 0.502701053941379, "recall": 0.2923476401405224, "f1-score": 0.34841337786521076, "support": 6547}, "samples avg": {"precision": 0.34461004132594736, "recall": 0.29148421700518773, "f1-score": 0.2926276938279048, "support": 6547}}