{"Aeroplane": {"precision": 0.0, "recall": 0.0, "f1-score": 0.0, "support": 22}, "Muscicapa striata_Spotted Flycatcher": {"precision": 0.0, "recall": 0.0, "f1-score": 0.0, "support": 173}, "Periparus ater_Coal Tit": {"precision": 0.8450704225352113, "recall": 0.2764976958525346, "f1-score": 0.41666666666666674, "support": 217}, "Cuculus canorus_Common Cuckoo": {"precision": 0.0, "recall": 0.0, "f1-score": 0.0, "support": 3}, "Regulus regulus_Goldcrest": {"precision": 0.9523809523809523, "recall": 0.29411764705882354, "f1-score": 0.449438202247191, "support": 136}, "Anthus trivialis_Tree Pipit": {"precision": 0.9712230215827338, "recall": 0.7068062827225131, "f1-score": 0.8181818181818183, "support": 191}, "Vegetation": {"precision": 0.9, "recall": 0.16666666666666666, "f1-score": 0.28125, "support": 54}, "Troglodytes troglodytes_Eurasian Wren": {"precision": 0.29508196721311475, "recall": 0.2559241706161137, "f1-score": 0.27411167512690354, "support": 211}, "Erithacus rubecula_European Robin": {"precision": 0.7718120805369127, "recall": 0.16666666666666666, "f1-score": 0.27413587604290823, "support": 690}, "None": {"precision": 0.767611504793664, "recall": 0.7864616698697416, "f1-score": 0.7769222655837991, "support": 4683}, "Parus major_Great Tit": {"precision": 0.6774193548387096, "recall": 0.4666666666666667, "f1-score": 0.5526315789473684, "support": 45}, "Certhia familiaris_Eurasian Treecreeper": {"precision": 0.8, "recall": 0.2909090909090909, "f1-score": 0.4266666666666667, "support": 110}, "Phylloscopus collybita_Common Chiffchaff": {"precision": 0.5245901639344263, "recall": 0.18686131386861313, "f1-score": 0.2755651237890204, "support": 685}, "Coccothraustes coccothraustes_Hawfinch": {"precision": 0.0, "recall": 0.0, "f1-score": 0.0, "support": 87}, "Wind": {"precision": 0.199438202247191, "recall": 0.36597938144329895, "f1-score": 0.2581818181818181, "support": 194}, "Turdus merula_Eurasian Blackbird": {"precision": 0.9259259259259259, "recall": 0.0728862973760933, "f1-score": 0.13513513513513514, "support": 343}, "Loxia curvirostra_Common Crossbill": {"precision": 1.0, "recall": 0.2222222222222222, "f1-score": 0.3636363636363636, "support": 36}, "Regulus ignicapilla_Common Firecrest": {"precision": 0.9689655172413794, "recall": 0.48869565217391303, "f1-score": 0.6497109826589595, "support": 575}, "Sylvia atricapilla_Eurasian Blackcap": {"precision": 0.2396088019559902, "recall": 0.392, "f1-score": 0.29742033383915023, "support": 500}, "Lophophanes cristatus_Crested Tit": {"precision": 0.0, "recall": 0.0, "f1-score": 0.0, "support": 23}, "Fringilla coelebs_Common Chaffinch": {"precision": 0.5789954337899543, "recall": 0.40459476707083597, "f1-score": 0.4763335837716003, "support": 1567}, "micro avg": {"precision": 0.6613680154142582, "recall": 0.5208155523944997, "f1-score": 0.5827364846941482, "support": 10545}, "macro avg": {"precision": 0.5437201594750555, "recall": 0.26399791386589494, "f1-score": 0.3202851471654937, "support": 10545}, "weighted avg": {"precision": 0.6819252869767128, "recall": 0.5208155523944997, "f1-score": 0.5544922600440853, "support": 10545}, "samples avg": {"precision": 0.5401485608170845, "recall": 0.5379201485608172, "f1-score": 0.5341355617455895, "support": 10545}}