{"Aeroplane": {"precision": 0.0, "recall": 0.0, "f1-score": 0.0, "support": 22}, "Muscicapa striata_Spotted Flycatcher": {"precision": 0.0, "recall": 0.0, "f1-score": 0.0, "support": 173}, "Periparus ater_Coal Tit": {"precision": 0.8450704225352113, "recall": 0.2764976958525346, "f1-score": 0.41666666666666674, "support": 217}, "Cuculus canorus_Common Cuckoo": {"precision": 0.0, "recall": 0.0, "f1-score": 0.0, "support": 3}, "Regulus regulus_Goldcrest": {"precision": 0.9534883720930233, "recall": 0.3014705882352941, "f1-score": 0.4581005586592179, "support": 136}, "Anthus trivialis_Tree Pipit": {"precision": 0.9710144927536232, "recall": 0.7015706806282722, "f1-score": 0.8145896656534954, "support": 191}, "Vegetation": {"precision": 0.9, "recall": 0.16666666666666666, "f1-score": 0.28125, "support": 54}, "Troglodytes troglodytes_Eurasian Wren": {"precision": 0.28421052631578947, "recall": 0.2559241706161137, "f1-score": 0.26932668329177056, "support": 211}, "Erithacus rubecula_European Robin": {"precision": 0.7666666666666667, "recall": 0.16666666666666666, "f1-score": 0.2738095238095238, "support": 690}, "None": {"precision": 0.7822252374491181, "recall": 0.7386290839205637, "f1-score": 0.7598023064250412, "support": 4683}, "Parus major_Great Tit": {"precision": 0.6774193548387096, "recall": 0.4666666666666667, "f1-score": 0.5526315789473684, "support": 45}, "Certhia familiaris_Eurasian Treecreeper": {"precision": 0.7804878048780488, "recall": 0.2909090909090909, "f1-score": 0.42384105960264906, "support": 110}, "Phylloscopus collybita_Common Chiffchaff": {"precision": 0.532, "recall": 0.19416058394160585, "f1-score": 0.28449197860962566, "support": 685}, "Coccothraustes coccothraustes_Hawfinch": {"precision": 0.0, "recall": 0.0, "f1-score": 0.0, "support": 87}, "Wind": {"precision": 0.19261213720316622, "recall": 0.37628865979381443, "f1-score": 0.25479930191972083, "support": 194}, "Turdus merula_Eurasian Blackbird": {"precision": 0.9259259259259259, "recall": 0.0728862973760933, "f1-score": 0.13513513513513514, "support": 343}, "Loxia curvirostra_Common Crossbill": {"precision": 1.0, "recall": 0.2222222222222222, "f1-score": 0.3636363636363636, "support": 36}, "Regulus ignicapilla_Common Firecrest": {"precision": 0.9663299663299664, "recall": 0.4991304347826087, "f1-score": 0.658256880733945, "support": 575}, "Sylvia atricapilla_Eurasian Blackcap": {"precision": 0.2358490566037736, "recall": 0.4, "f1-score": 0.2967359050445104, "support": 500}, "Lophophanes cristatus_Crested Tit": {"precision": 0.0, "recall": 0.0, "f1-score": 0.0, "support": 23}, "Fringilla coelebs_Common Chaffinch": {"precision": 0.5687666370896185, "recall": 0.40906190172303764, "f1-score": 0.4758723088344469, "support": 1567}, "micro avg": {"precision": 0.6587005227781927, "recall": 0.5018492176386913, "f1-score": 0.5696754400129179, "support": 10545}, "macro avg": {"precision": 0.5420031714610781, "recall": 0.26375006714291677, "f1-score": 0.3199498055699752, "support": 10545}, "weighted avg": {"precision": 0.6861817100439042, "recall": 0.5018492176386913, "f1-score": 0.5476720726633282, "support": 10545}, "samples avg": {"precision": 0.5173073351903436, "recall": 0.515301764159703, "f1-score": 0.5113129062209841, "support": 10545}}