{"Aeroplane": {"precision": 0.0, "recall": 0.0, "f1-score": 0.0, "support": 22}, "Muscicapa striata_Spotted Flycatcher": {"precision": 0.0, "recall": 0.0, "f1-score": 0.0, "support": 173}, "Periparus ater_Coal Tit": {"precision": 0.6346153846153846, "recall": 0.15207373271889402, "f1-score": 0.24535315985130113, "support": 217}, "Regulus regulus_Goldcrest": {"precision": 0.13897280966767372, "recall": 0.3382352941176471, "f1-score": 0.19700214132762314, "support": 136}, "Anthus trivialis_Tree Pipit": {"precision": 0.9685534591194969, "recall": 0.806282722513089, "f1-score": 0.8799999999999999, "support": 191}, "Vegetation": {"precision": 0.21951219512195122, "recall": 0.16666666666666666, "f1-score": 0.18947368421052632, "support": 54}, "Troglodytes troglodytes_Eurasian Wren": {"precision": 0.2777777777777778, "recall": 0.26066350710900477, "f1-score": 0.26894865525672373, "support": 211}, "Erithacus rubecula_European Robin": {"precision": 0.6954732510288066, "recall": 0.24492753623188407, "f1-score": 0.3622722400857449, "support": 690}, "None": {"precision": 0.7349915840658313, "recall": 0.8392056374119155, "f1-score": 0.7836490528414756, "support": 4683}, "Parus major_Great Tit": {"precision": 0.8076923076923077, "recall": 0.4666666666666667, "f1-score": 0.5915492957746479, "support": 45}, "Certhia familiaris_Eurasian Treecreeper": {"precision": 0.8695652173913043, "recall": 0.5454545454545454, "f1-score": 0.6703910614525139, "support": 110}, "Phylloscopus collybita_Common Chiffchaff": {"precision": 0.6858638743455497, "recall": 0.19124087591240876, "f1-score": 0.29908675799086754, "support": 685}, "Coccothraustes coccothraustes_Hawfinch": {"precision": 0.0, "recall": 0.0, "f1-score": 0.0, "support": 87}, "Wind": {"precision": 0.17314487632508835, "recall": 0.25257731958762886, "f1-score": 0.20545073375262055, "support": 194}, "Turdus merula_Eurasian Blackbird": {"precision": 0.8709677419354839, "recall": 0.07871720116618076, "f1-score": 0.14438502673796794, "support": 343}, "Loxia curvirostra_Common Crossbill": {"precision": 0.875, "recall": 0.3888888888888889, "f1-score": 0.5384615384615385, "support": 36}, "Regulus ignicapilla_Common Firecrest": {"precision": 0.8691588785046729, "recall": 0.4852173913043478, "f1-score": 0.6227678571428571, "support": 575}, "Sylvia atricapilla_Eurasian Blackcap": {"precision": 0.33222591362126247, "recall": 0.4, "f1-score": 0.3629764065335753, "support": 500}, "Lophophanes cristatus_Crested Tit": {"precision": 0.0, "recall": 0.0, "f1-score": 0.0, "support": 23}, "Fringilla coelebs_Common Chaffinch": {"precision": 0.5313398504887866, "recall": 0.589661774090619, "f1-score": 0.558983666061706, "support": 1567}, "micro avg": {"precision": 0.6291636588635661, "recall": 0.5787326882944412, "f1-score": 0.6028953999703542, "support": 10542}, "macro avg": {"precision": 0.48424275608506884, "recall": 0.3103239879920193, "f1-score": 0.34603756387408446, "support": 10542}, "weighted avg": {"precision": 0.6448537690333533, "recall": 0.5787326882944412, "f1-score": 0.5752609034595306, "support": 10542}, "samples avg": {"precision": 0.5930529247910863, "recall": 0.5974558960074281, "f1-score": 0.5883319626829376, "support": 10542}}