{"Aeroplane": {"precision": 0.0, "recall": 0.0, "f1-score": 0.0, "support": 22}, "Muscicapa striata_Spotted Flycatcher": {"precision": 0.0, "recall": 0.0, "f1-score": 0.0, "support": 173}, "Periparus ater_Coal Tit": {"precision": 0.7555555555555555, "recall": 0.31336405529953915, "f1-score": 0.44299674267100975, "support": 217}, "Cuculus canorus_Common Cuckoo": {"precision": 0.0, "recall": 0.0, "f1-score": 0.0, "support": 3}, "Regulus regulus_Goldcrest": {"precision": 0.9523809523809523, "recall": 0.29411764705882354, "f1-score": 0.449438202247191, "support": 136}, "Anthus trivialis_Tree Pipit": {"precision": 0.9423076923076923, "recall": 0.7696335078534031, "f1-score": 0.8472622478386167, "support": 191}, "Vegetation": {"precision": 1.0, "recall": 0.16666666666666666, "f1-score": 0.2857142857142857, "support": 54}, "Troglodytes troglodytes_Eurasian Wren": {"precision": 0.2510460251046025, "recall": 0.2843601895734597, "f1-score": 0.2666666666666666, "support": 211}, "Erithacus rubecula_European Robin": {"precision": 0.6038647342995169, "recall": 0.18115942028985507, "f1-score": 0.2787068004459309, "support": 690}, "None": {"precision": 0.791015625, "recall": 0.6918641896220371, "f1-score": 0.7381250711926187, "support": 4683}, "Parus major_Great Tit": {"precision": 0.5833333333333334, "recall": 0.4666666666666667, "f1-score": 0.5185185185185186, "support": 45}, "Certhia familiaris_Eurasian Treecreeper": {"precision": 0.6481481481481481, "recall": 0.3181818181818182, "f1-score": 0.426829268292683, "support": 110}, "Phylloscopus collybita_Common Chiffchaff": {"precision": 0.3431516936671576, "recall": 0.34014598540145985, "f1-score": 0.34164222873900296, "support": 685}, "Coccothraustes coccothraustes_Hawfinch": {"precision": 0.0, "recall": 0.0, "f1-score": 0.0, "support": 87}, "Wind": {"precision": 0.19117647058823528, "recall": 0.33505154639175255, "f1-score": 0.24344569288389514, "support": 194}, "Turdus merula_Eurasian Blackbird": {"precision": 0.7878787878787878, "recall": 0.07580174927113703, "f1-score": 0.13829787234042554, "support": 343}, "Loxia curvirostra_Common Crossbill": {"precision": 1.0, "recall": 0.2222222222222222, "f1-score": 0.3636363636363636, "support": 36}, "Regulus ignicapilla_Common Firecrest": {"precision": 0.9666666666666667, "recall": 0.5043478260869565, "f1-score": 0.6628571428571428, "support": 575}, "Sylvia atricapilla_Eurasian Blackcap": {"precision": 0.18292682926829268, "recall": 0.51, "f1-score": 0.2692713833157339, "support": 500}, "Lophophanes cristatus_Crested Tit": {"precision": 0.0, "recall": 0.0, "f1-score": 0.0, "support": 23}, "Fringilla coelebs_Common Chaffinch": {"precision": 0.42932628797886396, "recall": 0.6222080408423739, "f1-score": 0.5080771235018239, "support": 1567}, "micro avg": {"precision": 0.5620606547499498, "recall": 0.5307728781412991, "f1-score": 0.5459688826025458, "support": 10545}, "macro avg": {"precision": 0.49660851438941933, "recall": 0.2902757872108652, "f1-score": 0.32292788623151947, "support": 10545}, "weighted avg": {"precision": 0.6351266563654883, "recall": 0.5307728781412991, "f1-score": 0.546583598044888, "support": 10545}, "samples avg": {"precision": 0.5179294336118849, "recall": 0.5344846796657382, "f1-score": 0.5180320997479773, "support": 10545}}