{"Aeroplane": {"precision": 0.5, "recall": 0.045454545454545456, "f1-score": 0.08333333333333334, "support": 22}, "Muscicapa striata_Spotted Flycatcher": {"precision": 0.0, "recall": 0.0, "f1-score": 0.0, "support": 173}, "Periparus ater_Coal Tit": {"precision": 0.7228915662650602, "recall": 0.2764976958525346, "f1-score": 0.4, "support": 217}, "Cuculus canorus_Common Cuckoo": {"precision": 0.0, "recall": 0.0, "f1-score": 0.0, "support": 3}, "Regulus regulus_Goldcrest": {"precision": 0.5070422535211268, "recall": 0.2647058823529412, "f1-score": 0.3478260869565218, "support": 136}, "Anthus trivialis_Tree Pipit": {"precision": 0.9161676646706587, "recall": 0.8010471204188482, "f1-score": 0.8547486033519552, "support": 191}, "Vegetation": {"precision": 0.75, "recall": 0.16666666666666666, "f1-score": 0.27272727272727276, "support": 54}, "Troglodytes troglodytes_Eurasian Wren": {"precision": 0.3958333333333333, "recall": 0.27014218009478674, "f1-score": 0.3211267605633803, "support": 211}, "Erithacus rubecula_European Robin": {"precision": 0.7135416666666666, "recall": 0.19855072463768117, "f1-score": 0.31065759637188206, "support": 690}, "None": {"precision": 0.7789598108747045, "recall": 0.7036087977792014, "f1-score": 0.7393694603388309, "support": 4683}, "Parus major_Great Tit": {"precision": 0.6774193548387096, "recall": 0.4666666666666667, "f1-score": 0.5526315789473684, "support": 45}, "Certhia familiaris_Eurasian Treecreeper": {"precision": 0.8589743589743589, "recall": 0.6090909090909091, "f1-score": 0.7127659574468086, "support": 110}, "Phylloscopus collybita_Common Chiffchaff": {"precision": 0.4702842377260982, "recall": 0.2656934306569343, "f1-score": 0.33955223880597013, "support": 685}, "Coccothraustes coccothraustes_Hawfinch": {"precision": 0.0, "recall": 0.0, "f1-score": 0.0, "support": 87}, "Wind": {"precision": 0.07547169811320754, "recall": 0.24742268041237114, "f1-score": 0.11566265060240963, "support": 194}, "Turdus merula_Eurasian Blackbird": {"precision": 0.8461538461538461, "recall": 0.09620991253644315, "f1-score": 0.17277486910994763, "support": 343}, "Loxia curvirostra_Common Crossbill": {"precision": 1.0, "recall": 0.4444444444444444, "f1-score": 0.6153846153846153, "support": 36}, "Regulus ignicapilla_Common Firecrest": {"precision": 0.774712643678161, "recall": 0.5860869565217391, "f1-score": 0.6673267326732673, "support": 575}, "Sylvia atricapilla_Eurasian Blackcap": {"precision": 0.28317152103559873, "recall": 0.35, "f1-score": 0.31305903398926654, "support": 500}, "Lophophanes cristatus_Crested Tit": {"precision": 0.0, "recall": 0.0, "f1-score": 0.0, "support": 23}, "Fringilla coelebs_Common Chaffinch": {"precision": 0.6153305203938115, "recall": 0.5583918315252074, "f1-score": 0.585480093676815, "support": 1567}, "micro avg": {"precision": 0.6404376673262717, "recall": 0.5217638691322902, "f1-score": 0.5750418060200669, "support": 10545}, "macro avg": {"precision": 0.5183787845831115, "recall": 0.3024133545291391, "f1-score": 0.35259175639426876, "support": 10545}, "weighted avg": {"precision": 0.6652729356113738, "recall": 0.5217638691322902, "f1-score": 0.5648089562230213, "support": 10545}, "samples avg": {"precision": 0.5325998142989787, "recall": 0.5287465181058496, "f1-score": 0.5245926515452978, "support": 10545}}