{"Regulus ignicapilla_Common Firecrest": {"precision": 0.48058252427184467, "recall": 0.12029161603888214, "f1-score": 0.1924198250728863, "support": 823.0}, "Sylvia atricapilla_Eurasian Blackcap": {"precision": 0.5694945848375451, "recall": 0.4366782006920415, "f1-score": 0.4943204073638856, "support": 1445.0}, "Fringilla coelebs_Common Chaffinch": {"precision": 0.7065217391304348, "recall": 0.07216876387860843, "f1-score": 0.13096037609133646, "support": 2702.0}, "Troglodytes troglodytes_Eurasian Wren": {"precision": 0.5, "recall": 0.040268456375838924, "f1-score": 0.07453416149068323, "support": 149.0}, "Muscicapa striata_Spotted Flycatcher": {"precision": 0.0, "recall": 0.0, "f1-score": 0.0, "support": 159.0}, "Glaucidium passerinum_Eurasian Pygmy-Owl": {"precision": 0.0, "recall": 0.0, "f1-score": 0.0, "support": 27.0}, "Pyrrhula pyrrhula_Eurasian Bullfinch": {"precision": 0.0, "recall": 0.0, "f1-score": 0.0, "support": 31.0}, "Periparus ater_Coal Tit": {"precision": 0.3333333333333333, "recall": 0.006622516556291391, "f1-score": 0.012987012987012988, "support": 151.0}, "Lophophanes cristatus_Crested Tit": {"precision": 0.0, "recall": 0.0, "f1-score": 0.0, "support": 43.0}, "Regulus regulus_Goldcrest": {"precision": 0.08450704225352113, "recall": 0.1267605633802817, "f1-score": 0.10140845070422536, "support": 142.0}, "Turdus merula_Eurasian Blackbird": {"precision": 0.01706827309236948, "recall": 0.3695652173913043, "f1-score": 0.03262955854126679, "support": 46.0}, "Certhia familiaris_Eurasian Treecreeper": {"precision": 0.0, "recall": 0.0, "f1-score": 0.0, "support": 76.0}, "Erithacus rubecula_European Robin": {"precision": 0.0, "recall": 0.0, "f1-score": 0.0, "support": 194.0}, "Turdus philomelos_Song Thrush": {"precision": 0.06050955414012739, "recall": 0.12723214285714285, "f1-score": 0.08201438848920864, "support": 448.0}, "Loxia curvirostra_Common Crossbill": {"precision": 0.0, "recall": 0.0, "f1-score": 0.0, "support": 60.0}, "Dendrocopos major_Great Spotted Woodpecker": {"precision": 0.0, "recall": 0.0, "f1-score": 0.0, "support": 27.0}, "Dryocopus martius_Black Woodpecker": {"precision": 0.0, "recall": 0.0, "f1-score": 0.0, "support": 24.0}, "micro avg": {"precision": 0.26364572605561276, "recall": 0.15640751489231708, "f1-score": 0.1963378391333525, "support": 6547.0}, "macro avg": {"precision": 0.16188335594465741, "recall": 0.07644632218649361, "f1-score": 0.06595730474944149, "support": 6547.0}, "weighted avg": {"precision": 0.5028543738883114, "recall": 0.15640751489231708, "f1-score": 0.1973758172649772, "support": 6547.0}, "samples avg": {"precision": 0.17224566956827575, "recall": 0.13612063659544535, "f1-score": 0.1407897987296563, "support": 6547.0}}