{"Wind": {"precision": 0.1282051282051282, "recall": 0.5309734513274337, "f1-score": 0.20654044750430292, "support": 113.0}, "Regulus ignicapilla_Common Firecrest": {"precision": 0.19633225458468176, "recall": 0.4396135265700483, "f1-score": 0.2714392244593587, "support": 828.0}, "Sylvia atricapilla_Eurasian Blackcap": {"precision": 0.6171284634760705, "recall": 0.338865836791148, "f1-score": 0.4375, "support": 1446.0}, "Fringilla coelebs_Common Chaffinch": {"precision": 0.18208955223880596, "recall": 0.1571008094186902, "f1-score": 0.1686746987951807, "support": 2718.0}, "Troglodytes troglodytes_Eurasian Wren": {"precision": 0.0, "recall": 0.0, "f1-score": 0.0, "support": 149.0}, "Muscicapa striata_Spotted Flycatcher": {"precision": 0.41935483870967744, "recall": 0.08176100628930817, "f1-score": 0.1368421052631579, "support": 159.0}, "Glaucidium passerinum_Eurasian Pygmy-Owl": {"precision": 0.0, "recall": 0.0, "f1-score": 0.0, "support": 27.0}, "Pyrrhula pyrrhula_Eurasian Bullfinch": {"precision": 0.0, "recall": 0.0, "f1-score": 0.0, "support": 31.0}, "Pecking": {"precision": 0.011363636363636364, "recall": 0.25, "f1-score": 0.021739130434782608, "support": 24.0}, "Periparus ater_Coal Tit": {"precision": 0.0, "recall": 0.0, "f1-score": 0.0, "support": 151.0}, "Lophophanes cristatus_Crested Tit": {"precision": 0.0, "recall": 0.0, "f1-score": 0.0, "support": 43.0}, "Regulus regulus_Goldcrest": {"precision": 0.23076923076923078, "recall": 0.21568627450980393, "f1-score": 0.22297297297297297, "support": 153.0}, "Vegetation": {"precision": 0.08206686930091185, "recall": 0.4576271186440678, "f1-score": 0.13917525773195877, "support": 59.0}, "Rain": {"precision": 0.020833333333333332, "recall": 0.6612903225806451, "f1-score": 0.04039408866995074, "support": 62.0}, "Turdus merula_Eurasian Blackbird": {"precision": 0.036619718309859155, "recall": 0.2826086956521739, "f1-score": 0.06483790523690773, "support": 46.0}, "Certhia familiaris_Eurasian Treecreeper": {"precision": 0.15384615384615385, "recall": 0.05128205128205128, "f1-score": 0.07692307692307693, "support": 78.0}, "Erithacus rubecula_European Robin": {"precision": 0.0, "recall": 0.0, "f1-score": 0.0, "support": 194.0}, "Turdus philomelos_Song Thrush": {"precision": 0.07959183673469387, "recall": 0.2577092511013216, "f1-score": 0.12162162162162163, "support": 454.0}, "Loxia curvirostra_Common Crossbill": {"precision": 0.00508646998982706, "recall": 0.07692307692307693, "f1-score": 0.009541984732824428, "support": 65.0}, "Dendrocopos major_Great Spotted Woodpecker": {"precision": 0.34782608695652173, "recall": 0.2962962962962963, "f1-score": 0.32, "support": 27.0}, "Dryocopus martius_Black Woodpecker": {"precision": 0.0, "recall": 0.0, "f1-score": 0.0, "support": 24.0}, "None": {"precision": 0.596078431372549, "recall": 0.026130307718755373, "f1-score": 0.05006587615283267, "support": 5817.0}, "micro avg": {"precision": 0.14644699617240806, "recall": 0.13893274392169244, "f1-score": 0.1425909422344649, "support": 12668.0}, "macro avg": {"precision": 0.1412360001905037, "recall": 0.1874485465956737, "f1-score": 0.10401219956813312, "support": 12668.0}, "weighted avg": {"precision": 0.41045613036442485, "recall": 0.13893274392169244, "f1-score": 0.13979918239874298, "support": 12668.0}, "samples avg": {"precision": 0.09808074576735898, "recall": 0.09006785934608265, "f1-score": 0.08830362465464256, "support": 12668.0}}