{"Regulus ignicapilla_Common Firecrest": {"precision": 0.4098360655737705, "recall": 0.5252100840336135, "f1-score": 0.4604051565377532, "support": 238.0}, "Sylvia atricapilla_Eurasian Blackcap": {"precision": 0.1793168880455408, "recall": 0.7667342799188641, "f1-score": 0.2906574394463668, "support": 493.0}, "Fringilla coelebs_Common Chaffinch": {"precision": 0.677938808373591, "recall": 0.30551523947750364, "f1-score": 0.4212106053026513, "support": 1378.0}, "Troglodytes troglodytes_Eurasian Wren": {"precision": 0.1576923076923077, "recall": 0.36936936936936937, "f1-score": 0.2210242587601078, "support": 111.0}, "Muscicapa striata_Spotted Flycatcher": {"precision": 0.09090909090909091, "recall": 0.011560693641618497, "f1-score": 0.020512820512820513, "support": 173.0}, "Glaucidium passerinum_Eurasian Pygmy-Owl": {"precision": 0.0, "recall": 0.0, "f1-score": 0.0, "support": 0.0}, "Pyrrhula pyrrhula_Eurasian Bullfinch": {"precision": 0.0, "recall": 0.0, "f1-score": 0.0, "support": 0.0}, "Periparus ater_Coal Tit": {"precision": 0.0, "recall": 0.0, "f1-score": 0.0, "support": 29.0}, "Lophophanes cristatus_Crested Tit": {"precision": 0.0, "recall": 0.0, "f1-score": 0.0, "support": 16.0}, "Regulus regulus_Goldcrest": {"precision": 0.0, "recall": 0.0, "f1-score": 0.0, "support": 16.0}, "Turdus merula_Eurasian Blackbird": {"precision": 0.13953488372093023, "recall": 0.0380952380952381, "f1-score": 0.059850374064837904, "support": 315.0}, "Certhia familiaris_Eurasian Treecreeper": {"precision": 0.0, "recall": 0.0, "f1-score": 0.0, "support": 3.0}, "Erithacus rubecula_European Robin": {"precision": 0.2608695652173913, "recall": 0.02158273381294964, "f1-score": 0.03986710963455149, "support": 556.0}, "Turdus philomelos_Song Thrush": {"precision": 0.0, "recall": 0.0, "f1-score": 0.0, "support": 0.0}, "Loxia curvirostra_Common Crossbill": {"precision": 0.0, "recall": 0.0, "f1-score": 0.0, "support": 13.0}, "Dendrocopos major_Great Spotted Woodpecker": {"precision": 0.0, "recall": 0.0, "f1-score": 0.0, "support": 0.0}, "Dryocopus martius_Black Woodpecker": {"precision": 0.0, "recall": 0.0, "f1-score": 0.0, "support": 0.0}, "micro avg": {"precision": 0.2756606397774687, "recall": 0.2966177791080515, "f1-score": 0.28575547866205303, "support": 3341.0}, "macro avg": {"precision": 0.11271162409015427, "recall": 0.11988633166759746, "f1-score": 0.089031044956417, "support": 3341.0}, "weighted avg": {"precision": 0.40178748065426484, "recall": 0.2966177791080515, "f1-score": 0.2700988178594499, "support": 3341.0}, "samples avg": {"precision": 0.2116382320662476, "recall": 0.2966177791080515, "f1-score": 0.23856130898932454, "support": 3341.0}}