{"Aeroplane": {"precision": 0.08333333333333333, "recall": 0.045454545454545456, "f1-score": 0.05882352941176471, "support": 22}, "Muscicapa striata_Spotted Flycatcher": {"precision": 0.0, "recall": 0.0, "f1-score": 0.0, "support": 173}, "Periparus ater_Coal Tit": {"precision": 0.7878787878787878, "recall": 0.35944700460829493, "f1-score": 0.4936708860759494, "support": 217}, "Cuculus canorus_Common Cuckoo": {"precision": 0.0, "recall": 0.0, "f1-score": 0.0, "support": 3}, "Regulus regulus_Goldcrest": {"precision": 0.49230769230769234, "recall": 0.23529411764705882, "f1-score": 0.31840796019900497, "support": 136}, "Anthus trivialis_Tree Pipit": {"precision": 0.9736842105263158, "recall": 0.774869109947644, "f1-score": 0.8629737609329445, "support": 191}, "Vegetation": {"precision": 0.23076923076923078, "recall": 0.16666666666666666, "f1-score": 0.1935483870967742, "support": 54}, "Troglodytes troglodytes_Eurasian Wren": {"precision": 0.3522012578616352, "recall": 0.26540284360189575, "f1-score": 0.3027027027027027, "support": 211}, "Erithacus rubecula_European Robin": {"precision": 0.7559523809523809, "recall": 0.18405797101449275, "f1-score": 0.29603729603729606, "support": 690}, "None": {"precision": 0.7861469581248354, "recall": 0.6374119154388213, "f1-score": 0.7040094339622641, "support": 4683}, "Parus major_Great Tit": {"precision": 0.7777777777777778, "recall": 0.4666666666666667, "f1-score": 0.5833333333333334, "support": 45}, "Certhia familiaris_Eurasian Treecreeper": {"precision": 0.8095238095238095, "recall": 0.4636363636363636, "f1-score": 0.5895953757225434, "support": 110}, "Phylloscopus collybita_Common Chiffchaff": {"precision": 0.4937655860349127, "recall": 0.28905109489051095, "f1-score": 0.36464088397790057, "support": 685}, "Coccothraustes coccothraustes_Hawfinch": {"precision": 0.0, "recall": 0.0, "f1-score": 0.0, "support": 87}, "Wind": {"precision": 0.08134920634920635, "recall": 0.422680412371134, "f1-score": 0.13643926788685526, "support": 194}, "Turdus merula_Eurasian Blackbird": {"precision": 0.6326530612244898, "recall": 0.09037900874635568, "f1-score": 0.15816326530612246, "support": 343}, "Loxia curvirostra_Common Crossbill": {"precision": 0.9090909090909091, "recall": 0.2777777777777778, "f1-score": 0.4255319148936171, "support": 36}, "Regulus ignicapilla_Common Firecrest": {"precision": 0.8623188405797102, "recall": 0.6208695652173913, "f1-score": 0.7219413549039435, "support": 575}, "Sylvia atricapilla_Eurasian Blackcap": {"precision": 0.219959266802444, "recall": 0.432, "f1-score": 0.291497975708502, "support": 500}, "Lophophanes cristatus_Crested Tit": {"precision": 0.0, "recall": 0.0, "f1-score": 0.0, "support": 23}, "Fringilla coelebs_Common Chaffinch": {"precision": 0.5945223780895124, "recall": 0.5679642629227823, "f1-score": 0.5809399477806788, "support": 1567}, "micro avg": {"precision": 0.5901639344262295, "recall": 0.5018492176386913, "f1-score": 0.5424354243542435, "support": 10545}, "macro avg": {"precision": 0.46872546129652304, "recall": 0.29998234888611436, "f1-score": 0.3372503464729618, "support": 10545}, "weighted avg": {"precision": 0.6620062123978063, "recall": 0.5018492176386913, "f1-score": 0.5500366995156201, "support": 10545}, "samples avg": {"precision": 0.5011030640668525, "recall": 0.5023398328690808, "f1-score": 0.4950492107706592, "support": 10545}}