{"Aeroplane": {"precision": 0.0, "recall": 0.0, "f1-score": 0.0, "support": 22}, "Muscicapa striata_Spotted Flycatcher": {"precision": 0.0, "recall": 0.0, "f1-score": 0.0, "support": 173}, "Periparus ater_Coal Tit": {"precision": 0.6833333333333333, "recall": 0.1889400921658986, "f1-score": 0.296028880866426, "support": 217}, "Regulus regulus_Goldcrest": {"precision": 0.15357142857142858, "recall": 0.3161764705882353, "f1-score": 0.20673076923076925, "support": 136}, "Anthus trivialis_Tree Pipit": {"precision": 0.8901734104046243, "recall": 0.806282722513089, "f1-score": 0.8461538461538461, "support": 191}, "Vegetation": {"precision": 0.07518796992481203, "recall": 0.18518518518518517, "f1-score": 0.10695187165775401, "support": 54}, "Troglodytes troglodytes_Eurasian Wren": {"precision": 0.5454545454545454, "recall": 0.1990521327014218, "f1-score": 0.29166666666666663, "support": 211}, "Erithacus rubecula_European Robin": {"precision": 0.7586206896551724, "recall": 0.19130434782608696, "f1-score": 0.3055555555555555, "support": 690}, "None": {"precision": 0.7132137628111274, "recall": 0.8321588725176169, "f1-score": 0.7681088006307283, "support": 4683}, "Parus major_Great Tit": {"precision": 0.8695652173913043, "recall": 0.4444444444444444, "f1-score": 0.5882352941176471, "support": 45}, "Certhia familiaris_Eurasian Treecreeper": {"precision": 0.7777777777777778, "recall": 0.6363636363636364, "f1-score": 0.7000000000000001, "support": 110}, "Phylloscopus collybita_Common Chiffchaff": {"precision": 0.498812351543943, "recall": 0.30656934306569344, "f1-score": 0.37974683544303806, "support": 685}, "Coccothraustes coccothraustes_Hawfinch": {"precision": 0.0, "recall": 0.0, "f1-score": 0.0, "support": 87}, "Wind": {"precision": 0.10869565217391304, "recall": 0.4381443298969072, "f1-score": 0.17418032786885246, "support": 194}, "Turdus merula_Eurasian Blackbird": {"precision": 0.8125, "recall": 0.07580174927113703, "f1-score": 0.1386666666666667, "support": 343}, "Loxia curvirostra_Common Crossbill": {"precision": 0.9375, "recall": 0.4166666666666667, "f1-score": 0.5769230769230769, "support": 36}, "Regulus ignicapilla_Common Firecrest": {"precision": 0.8190184049079755, "recall": 0.4643478260869565, "f1-score": 0.5926748057713651, "support": 575}, "Sylvia atricapilla_Eurasian Blackcap": {"precision": 0.26517150395778366, "recall": 0.402, "f1-score": 0.3195548489666137, "support": 500}, "Lophophanes cristatus_Crested Tit": {"precision": 0.0, "recall": 0.0, "f1-score": 0.0, "support": 23}, "Fringilla coelebs_Common Chaffinch": {"precision": 0.5123456790123457, "recall": 0.5296745373324825, "f1-score": 0.5208660181989332, "support": 1567}, "micro avg": {"precision": 0.5768973747016707, "recall": 0.5732308859798899, "f1-score": 0.5750582861493077, "support": 10542}, "macro avg": {"precision": 0.4710470863460044, "recall": 0.3216556178312729, "f1-score": 0.3406022132358969, "support": 10542}, "weighted avg": {"precision": 0.6192407016752595, "recall": 0.5732308859798899, "f1-score": 0.5607717217489854, "support": 10542}, "samples avg": {"precision": 0.580066852367688, "recall": 0.5949210770659238, "f1-score": 0.5792773577397533, "support": 10542}}