{"Aeroplane": {"precision": 0.0, "recall": 0.0, "f1-score": 0.0, "support": 22}, "Muscicapa striata_Spotted Flycatcher": {"precision": 0.0, "recall": 0.0, "f1-score": 0.0, "support": 173}, "Periparus ater_Coal Tit": {"precision": 0.7692307692307693, "recall": 0.18433179723502305, "f1-score": 0.29739776951672864, "support": 217}, "Regulus regulus_Goldcrest": {"precision": 0.14330218068535824, "recall": 0.3382352941176471, "f1-score": 0.20131291028446388, "support": 136}, "Anthus trivialis_Tree Pipit": {"precision": 0.9512195121951219, "recall": 0.8167539267015707, "f1-score": 0.8788732394366197, "support": 191}, "Vegetation": {"precision": 0.08, "recall": 0.18518518518518517, "f1-score": 0.11173184357541899, "support": 54}, "Troglodytes troglodytes_Eurasian Wren": {"precision": 0.4563106796116505, "recall": 0.22274881516587677, "f1-score": 0.29936305732484075, "support": 211}, "Erithacus rubecula_European Robin": {"precision": 0.7752808988764045, "recall": 0.2, "f1-score": 0.31797235023041476, "support": 690}, "None": {"precision": 0.7482154445165476, "recall": 0.7386290839205637, "f1-score": 0.7433913604126369, "support": 4683}, "Parus major_Great Tit": {"precision": 0.84, "recall": 0.4666666666666667, "f1-score": 0.6000000000000001, "support": 45}, "Certhia familiaris_Eurasian Treecreeper": {"precision": 0.7222222222222222, "recall": 0.4727272727272727, "f1-score": 0.5714285714285714, "support": 110}, "Phylloscopus collybita_Common Chiffchaff": {"precision": 0.5878136200716846, "recall": 0.23941605839416058, "f1-score": 0.34024896265560167, "support": 685}, "Coccothraustes coccothraustes_Hawfinch": {"precision": 0.0, "recall": 0.0, "f1-score": 0.0, "support": 87}, "Wind": {"precision": 0.08980355472404115, "recall": 0.4948453608247423, "f1-score": 0.15201900237529692, "support": 194}, "Turdus merula_Eurasian Blackbird": {"precision": 0.5172413793103449, "recall": 0.13119533527696792, "f1-score": 0.20930232558139533, "support": 343}, "Loxia curvirostra_Common Crossbill": {"precision": 0.8333333333333334, "recall": 0.4166666666666667, "f1-score": 0.5555555555555556, "support": 36}, "Regulus ignicapilla_Common Firecrest": {"precision": 0.7675, "recall": 0.5339130434782609, "f1-score": 0.6297435897435898, "support": 575}, "Sylvia atricapilla_Eurasian Blackcap": {"precision": 0.2643171806167401, "recall": 0.36, "f1-score": 0.3048264182895851, "support": 500}, "Lophophanes cristatus_Crested Tit": {"precision": 0.0, "recall": 0.0, "f1-score": 0.0, "support": 23}, "Fringilla coelebs_Common Chaffinch": {"precision": 0.5397590361445783, "recall": 0.5717932354818124, "f1-score": 0.5553145336225596, "support": 1567}, "micro avg": {"precision": 0.5710833668948853, "recall": 0.5380383228988806, "f1-score": 0.5540685747777669, "support": 10542}, "macro avg": {"precision": 0.4542774905769399, "recall": 0.3186553870921208, "f1-score": 0.33842407450166395, "support": 10542}, "weighted avg": {"precision": 0.6328532875621048, "recall": 0.5380383228988806, "f1-score": 0.555737446545395, "support": 10542}, "samples avg": {"precision": 0.543936861652739, "recall": 0.5483658310120706, "f1-score": 0.5387096431887518, "support": 10542}}