{"Aeroplane": {"precision": 0.0, "recall": 0.0, "f1-score": 0.0, "support": 22}, "Muscicapa striata_Spotted Flycatcher": {"precision": 0.0, "recall": 0.0, "f1-score": 0.0, "support": 173}, "Periparus ater_Coal Tit": {"precision": 0.8541666666666666, "recall": 0.3778801843317972, "f1-score": 0.523961661341853, "support": 217}, "Cuculus canorus_Common Cuckoo": {"precision": 0.0, "recall": 0.0, "f1-score": 0.0, "support": 3}, "Regulus regulus_Goldcrest": {"precision": 0.673469387755102, "recall": 0.2426470588235294, "f1-score": 0.3567567567567567, "support": 136}, "Anthus trivialis_Tree Pipit": {"precision": 0.968944099378882, "recall": 0.8167539267015707, "f1-score": 0.8863636363636364, "support": 191}, "Vegetation": {"precision": 0.8181818181818182, "recall": 0.16666666666666666, "f1-score": 0.2769230769230769, "support": 54}, "Troglodytes troglodytes_Eurasian Wren": {"precision": 0.3350253807106599, "recall": 0.3127962085308057, "f1-score": 0.3235294117647059, "support": 211}, "Erithacus rubecula_European Robin": {"precision": 0.6938775510204082, "recall": 0.19710144927536233, "f1-score": 0.3069977426636569, "support": 690}, "None": {"precision": 0.7900175901495162, "recall": 0.7672432201580184, "f1-score": 0.7784638717365399, "support": 4683}, "Parus major_Great Tit": {"precision": 0.6470588235294118, "recall": 0.4888888888888889, "f1-score": 0.5569620253164557, "support": 45}, "Certhia familiaris_Eurasian Treecreeper": {"precision": 0.6352941176470588, "recall": 0.4909090909090909, "f1-score": 0.5538461538461538, "support": 110}, "Phylloscopus collybita_Common Chiffchaff": {"precision": 0.4474789915966387, "recall": 0.310948905109489, "f1-score": 0.3669250645994832, "support": 685}, "Coccothraustes coccothraustes_Hawfinch": {"precision": 0.0, "recall": 0.0, "f1-score": 0.0, "support": 87}, "Wind": {"precision": 0.20634920634920634, "recall": 0.33505154639175255, "f1-score": 0.2554027504911591, "support": 194}, "Turdus merula_Eurasian Blackbird": {"precision": 0.5737704918032787, "recall": 0.10204081632653061, "f1-score": 0.17326732673267325, "support": 343}, "Loxia curvirostra_Common Crossbill": {"precision": 0.8333333333333334, "recall": 0.2777777777777778, "f1-score": 0.4166666666666667, "support": 36}, "Regulus ignicapilla_Common Firecrest": {"precision": 0.7529411764705882, "recall": 0.6678260869565218, "f1-score": 0.7078341013824886, "support": 575}, "Sylvia atricapilla_Eurasian Blackcap": {"precision": 0.2380467955239064, "recall": 0.468, "f1-score": 0.31557653405259606, "support": 500}, "Lophophanes cristatus_Crested Tit": {"precision": 0.3333333333333333, "recall": 0.08695652173913043, "f1-score": 0.13793103448275862, "support": 23}, "Fringilla coelebs_Common Chaffinch": {"precision": 0.5180780209324453, "recall": 0.6949585194639438, "f1-score": 0.5936222403924774, "support": 1567}, "micro avg": {"precision": 0.627906976744186, "recall": 0.5863442389758179, "f1-score": 0.6064142801098469, "support": 10545}, "macro avg": {"precision": 0.49139841830391695, "recall": 0.3240212794309941, "f1-score": 0.3586204788339589, "support": 10545}, "weighted avg": {"precision": 0.6447730695526864, "recall": 0.5863442389758179, "f1-score": 0.5909518789548406, "support": 10545}, "samples avg": {"precision": 0.5850882079851438, "recall": 0.5937790157845867, "f1-score": 0.5814150417827297, "support": 10545}}