{"Regulus ignicapilla_Common Firecrest": {"precision": 0.46839080459770116, "recall": 0.19805589307411908, "f1-score": 0.2783945345858241, "support": 823.0}, "Sylvia atricapilla_Eurasian Blackcap": {"precision": 0.43213728549141966, "recall": 0.5750865051903115, "f1-score": 0.49346793349168644, "support": 1445.0}, "Fringilla coelebs_Common Chaffinch": {"precision": 0.6339285714285714, "recall": 0.10510732790525537, "f1-score": 0.18031746031746032, "support": 2702.0}, "Troglodytes troglodytes_Eurasian Wren": {"precision": 0.42857142857142855, "recall": 0.020134228187919462, "f1-score": 0.038461538461538464, "support": 149.0}, "Muscicapa striata_Spotted Flycatcher": {"precision": 0.0, "recall": 0.0, "f1-score": 0.0, "support": 159.0}, "Glaucidium passerinum_Eurasian Pygmy-Owl": {"precision": 0.0, "recall": 0.0, "f1-score": 0.0, "support": 27.0}, "Pyrrhula pyrrhula_Eurasian Bullfinch": {"precision": 0.0, "recall": 0.0, "f1-score": 0.0, "support": 31.0}, "Periparus ater_Coal Tit": {"precision": 0.14285714285714285, "recall": 0.019867549668874173, "f1-score": 0.03488372093023256, "support": 151.0}, "Lophophanes cristatus_Crested Tit": {"precision": 0.0, "recall": 0.0, "f1-score": 0.0, "support": 43.0}, "Regulus regulus_Goldcrest": {"precision": 0.08280254777070063, "recall": 0.09154929577464789, "f1-score": 0.08695652173913043, "support": 142.0}, "Turdus merula_Eurasian Blackbird": {"precision": 0.01990049751243781, "recall": 0.2608695652173913, "f1-score": 0.03697996918335902, "support": 46.0}, "Certhia familiaris_Eurasian Treecreeper": {"precision": 0.0, "recall": 0.0, "f1-score": 0.0, "support": 76.0}, "Erithacus rubecula_European Robin": {"precision": 0.0, "recall": 0.0, "f1-score": 0.0, "support": 194.0}, "Turdus philomelos_Song Thrush": {"precision": 0.09209302325581395, "recall": 0.22098214285714285, "f1-score": 0.13000656598818122, "support": 448.0}, "Loxia curvirostra_Common Crossbill": {"precision": 0.0, "recall": 0.0, "f1-score": 0.0, "support": 60.0}, "Dendrocopos major_Great Spotted Woodpecker": {"precision": 0.0, "recall": 0.0, "f1-score": 0.0, "support": 27.0}, "Dryocopus martius_Black Woodpecker": {"precision": 0.0, "recall": 0.0, "f1-score": 0.0, "support": 24.0}, "micro avg": {"precision": 0.3002132196162047, "recall": 0.215060332976936, "f1-score": 0.2506006941354454, "support": 6547.0}, "macro avg": {"precision": 0.1353341942050127, "recall": 0.08774426516915657, "f1-score": 0.07526283792337721, "support": 6547.0}, "weighted avg": {"precision": 0.43717101576832096, "recall": 0.215060332976936, "f1-score": 0.2310505118314844, "support": 6547.0}, "samples avg": {"precision": 0.22465488437527475, "recall": 0.1816055570210147, "f1-score": 0.1856437343248211, "support": 6547.0}}