{"Aeroplane": {"precision": 0.0, "recall": 0.0, "f1-score": 0.0, "support": 22}, "Muscicapa striata_Spotted Flycatcher": {"precision": 0.021611823759063023, "recall": 0.8959537572254336, "f1-score": 0.04220558202859088, "support": 173}, "Periparus ater_Coal Tit": {"precision": 0.7217391304347827, "recall": 0.3824884792626728, "f1-score": 0.5, "support": 217}, "Cuculus canorus_Common Cuckoo": {"precision": 0.0, "recall": 0.0, "f1-score": 0.0, "support": 3}, "Regulus regulus_Goldcrest": {"precision": 0.013297068600785736, "recall": 0.3235294117647059, "f1-score": 0.02554426705370102, "support": 136}, "Anthus trivialis_Tree Pipit": {"precision": 0.9230769230769231, "recall": 0.6910994764397905, "f1-score": 0.7904191616766468, "support": 191}, "Vegetation": {"precision": 0.008172531214528945, "recall": 0.6666666666666666, "f1-score": 0.016147118187934517, "support": 54}, "Troglodytes troglodytes_Eurasian Wren": {"precision": 0.03577312308778536, "recall": 0.7203791469194313, "f1-score": 0.06816143497757847, "support": 211}, "Erithacus rubecula_European Robin": {"precision": 0.4166666666666667, "recall": 0.021739130434782608, "f1-score": 0.04132231404958678, "support": 690}, "None": {"precision": 0.0, "recall": 0.0, "f1-score": 0.0, "support": 4683}, "Parus major_Great Tit": {"precision": 0.12745098039215685, "recall": 0.8666666666666667, "f1-score": 0.2222222222222222, "support": 45}, "Certhia familiaris_Eurasian Treecreeper": {"precision": 0.609375, "recall": 0.35454545454545455, "f1-score": 0.4482758620689656, "support": 110}, "Phylloscopus collybita_Common Chiffchaff": {"precision": 0.08903964384142464, "recall": 0.6131386861313869, "f1-score": 0.1554979637171418, "support": 685}, "Coccothraustes coccothraustes_Hawfinch": {"precision": 0.0, "recall": 0.0, "f1-score": 0.0, "support": 87}, "Wind": {"precision": 0.05200754513608192, "recall": 0.9948453608247423, "f1-score": 0.09884763124199744, "support": 194}, "Turdus merula_Eurasian Blackbird": {"precision": 0.6285714285714286, "recall": 0.0641399416909621, "f1-score": 0.11640211640211642, "support": 343}, "Loxia curvirostra_Common Crossbill": {"precision": 0.006588579795021962, "recall": 0.75, "f1-score": 0.013062409288824385, "support": 36}, "Regulus ignicapilla_Common Firecrest": {"precision": 0.11183355006501951, "recall": 0.7478260869565218, "f1-score": 0.19457013574660637, "support": 575}, "Sylvia atricapilla_Eurasian Blackcap": {"precision": 0.1144578313253012, "recall": 0.646, "f1-score": 0.19446116797110174, "support": 500}, "Lophophanes cristatus_Crested Tit": {"precision": 0.004079460801702731, "recall": 1.0, "f1-score": 0.008125772831655184, "support": 23}, "Fringilla coelebs_Common Chaffinch": {"precision": 0.17963518817824983, "recall": 0.9929802169751116, "f1-score": 0.3042330628604947, "support": 1567}, "micro avg": {"precision": 0.06896100497252028, "recall": 0.3498340445708867, "f1-score": 0.11521104327050703, "support": 10545}, "macro avg": {"precision": 0.19349411785461537, "recall": 0.5110475467859205, "f1-score": 0.15426182011072212, "support": 10545}, "weighted avg": {"precision": 0.132457326060788, "recall": 0.3498340445708867, "f1-score": 0.1162104909587097, "support": 10545}, "samples avg": {"precision": 0.06772755007295397, "recall": 0.291355617455896, "f1-score": 0.10604814498407814, "support": 10545}}