{"Aeroplane": {"precision": 0.0, "recall": 0.0, "f1-score": 0.0, "support": 22}, "Muscicapa striata_Spotted Flycatcher": {"precision": 0.0, "recall": 0.0, "f1-score": 0.0, "support": 173}, "Periparus ater_Coal Tit": {"precision": 0.8541666666666666, "recall": 0.3778801843317972, "f1-score": 0.523961661341853, "support": 217}, "Cuculus canorus_Common Cuckoo": {"precision": 0.0, "recall": 0.0, "f1-score": 0.0, "support": 3}, "Regulus regulus_Goldcrest": {"precision": 0.7111111111111111, "recall": 0.23529411764705882, "f1-score": 0.3535911602209945, "support": 136}, "Anthus trivialis_Tree Pipit": {"precision": 0.968944099378882, "recall": 0.8167539267015707, "f1-score": 0.8863636363636364, "support": 191}, "Vegetation": {"precision": 0.8181818181818182, "recall": 0.16666666666666666, "f1-score": 0.2769230769230769, "support": 54}, "Troglodytes troglodytes_Eurasian Wren": {"precision": 0.32673267326732675, "recall": 0.3127962085308057, "f1-score": 0.31961259079903154, "support": 211}, "Erithacus rubecula_European Robin": {"precision": 0.6868686868686869, "recall": 0.19710144927536233, "f1-score": 0.3063063063063063, "support": 690}, "None": {"precision": 0.794847992573683, "recall": 0.731368780696135, "f1-score": 0.761788256227758, "support": 4683}, "Parus major_Great Tit": {"precision": 0.6470588235294118, "recall": 0.4888888888888889, "f1-score": 0.5569620253164557, "support": 45}, "Certhia familiaris_Eurasian Treecreeper": {"precision": 0.627906976744186, "recall": 0.4909090909090909, "f1-score": 0.5510204081632653, "support": 110}, "Phylloscopus collybita_Common Chiffchaff": {"precision": 0.4394250513347023, "recall": 0.3124087591240876, "f1-score": 0.36518771331058025, "support": 685}, "Coccothraustes coccothraustes_Hawfinch": {"precision": 0.0, "recall": 0.0, "f1-score": 0.0, "support": 87}, "Wind": {"precision": 0.20489296636085627, "recall": 0.34536082474226804, "f1-score": 0.2571976967370442, "support": 194}, "Turdus merula_Eurasian Blackbird": {"precision": 0.5373134328358209, "recall": 0.10495626822157435, "f1-score": 0.175609756097561, "support": 343}, "Loxia curvirostra_Common Crossbill": {"precision": 0.8333333333333334, "recall": 0.2777777777777778, "f1-score": 0.4166666666666667, "support": 36}, "Regulus ignicapilla_Common Firecrest": {"precision": 0.7475728155339806, "recall": 0.6695652173913044, "f1-score": 0.7064220183486238, "support": 575}, "Sylvia atricapilla_Eurasian Blackcap": {"precision": 0.2333664349553128, "recall": 0.47, "f1-score": 0.311877903118779, "support": 500}, "Lophophanes cristatus_Crested Tit": {"precision": 0.4, "recall": 0.08695652173913043, "f1-score": 0.14285714285714285, "support": 23}, "Fringilla coelebs_Common Chaffinch": {"precision": 0.5118770377270611, "recall": 0.7013401403956605, "f1-score": 0.5918147549811523, "support": 1567}, "micro avg": {"precision": 0.6207535515750463, "recall": 0.5718349928876245, "f1-score": 0.595290981785873, "support": 10545}, "macro avg": {"precision": 0.49255237716204, "recall": 0.32314403919234186, "f1-score": 0.3573410844657109, "support": 10545}, "weighted avg": {"precision": 0.6436755598190581, "recall": 0.5718349928876245, "f1-score": 0.5828385071161215, "support": 10545}, "samples avg": {"precision": 0.5678922934076137, "recall": 0.5765645311049211, "f1-score": 0.5641782729805014, "support": 10545}}