Metric,Value
mAP,0.15442035225222725
mcAP,0.15442035225222725
F0.5 Score,0.08563254321002581
