Metric,Value
mAP (sample-wise),0.4805024014784213
cmAP (class-wise),0.15612660723923927
F0.5 Score,0.09259039912287328
