Metric,Value
mAP (sample-wise),0.6240339976174705
cmAP (class-wise),0.3646716875676158
F0.5 Score,0.3878928951597428
