Metric,Value
mAP (sample-wise),0.24963205794737278
cmAP (class-wise),0.12062638427287471
F0.5 Score,0.10790538174996307
