Metric,Value
mAP (sample-wise),0.2596493113448084
cmAP (class-wise),0.23134867787241054
F0.5 Score,0.1548375257001868
