{"Aeroplane": {"precision": 0.0, "recall": 0.0, "f1-score": 0.0, "support": 22}, "Certhia familiaris_Eurasian Treecreeper": {"precision": 0.018292682926829267, "recall": 1.0, "f1-score": 0.03592814371257485, "support": 3}, "Dendrocopos major_Great Spotted Woodpecker": {"precision": 0.0, "recall": 0.0, "f1-score": 0.0, "support": 16}, "Dryocopus martius_Black Woodpecker": {"precision": 0.0, "recall": 0.0, "f1-score": 0.0, "support": 21}, "Erithacus rubecula_European Robin": {"precision": 0.808, "recall": 0.5519125683060109, "f1-score": 0.6558441558441559, "support": 549}, "Fringilla coelebs_Common Chaffinch": {"precision": 0.5607412491420728, "recall": 0.8328236493374108, "f1-score": 0.6702214930270713, "support": 981}, "Lophophanes cristatus_Crested Tit": {"precision": 0.0, "recall": 0.0, "f1-score": 0.0, "support": 3}, "Loxia curvirostra_Common Crossbill": {"precision": 0.3333333333333333, "recall": 0.02040816326530612, "f1-score": 0.03846153846153846, "support": 49}, "Muscicapa striata_Spotted Flycatcher": {"precision": 0.0, "recall": 0.0, "f1-score": 0.0, "support": 14}, "None": {"precision": 0.8718142344723429, "recall": 0.9026583268178264, "f1-score": 0.8869682128109094, "support": 5116}, "Pecking": {"precision": 0.0, "recall": 0.0, "f1-score": 0.0, "support": 8}, "Periparus ater_Coal Tit": {"precision": 0.05776173285198556, "recall": 0.8, "f1-score": 0.10774410774410774, "support": 20}, "Phylloscopus collybita_Common Chiffchaff": {"precision": 0.9252336448598131, "recall": 0.14798206278026907, "f1-score": 0.2551546391752577, "support": 669}, "Rain": {"precision": 0.0, "recall": 0.0, "f1-score": 0.0, "support": 23}, "Regulus ignicapilla_Common Firecrest": {"precision": 0.6648351648351648, "recall": 0.5238095238095238, "f1-score": 0.585956416464891, "support": 231}, "Regulus regulus_Goldcrest": {"precision": 0.027237354085603113, "recall": 0.7, "f1-score": 0.05243445692883895, "support": 10}, "Sylvia atricapilla_Eurasian Blackcap": {"precision": 0.25291479820627805, "recall": 0.5790554414784395, "f1-score": 0.352059925093633, "support": 487}, "Troglodytes troglodytes_Eurasian Wren": {"precision": 1.0, "recall": 0.04504504504504504, "f1-score": 0.08620689655172413, "support": 111}, "Turdus merula_Eurasian Blackbird": {"precision": 0.48872180451127817, "recall": 0.21172638436482086, "f1-score": 0.29545454545454547, "support": 307}, "Turdus philomelos_Song Thrush": {"precision": 0.08695652173913043, "recall": 0.10344827586206896, "f1-score": 0.09448818897637795, "support": 58}, "Vegetation": {"precision": 0.0, "recall": 0.0, "f1-score": 0.0, "support": 26}, "Wind": {"precision": 0.03292181069958848, "recall": 0.0547945205479452, "f1-score": 0.04113110539845758, "support": 146}, "micro avg": {"precision": 0.6534622903590904, "recall": 0.7160090191657271, "f1-score": 0.6833073322932917, "support": 8870}, "macro avg": {"precision": 0.2785801968937918, "recall": 0.2942574528006667, "f1-score": 0.18900244662018562, "support": 8870}, "weighted avg": {"precision": 0.748400451338383, "recall": 0.7160090191657271, "f1-score": 0.6932596692391614, "support": 8870}, "samples avg": {"precision": 0.7037893700787401, "recall": 0.7339033792650919, "f1-score": 0.7085246180164979, "support": 8870}}