{
    "file_name": "model_ranking_config_6_0.json",
    "model_id": 19,
    "num_conv_layers": 4,
    "kernel_sizes": "[4, 5, 6, 6]",
    "channels": "[16, 32, 64, 128]",
    "batch_size": 128,
    "dropout": 0.0,
    "dense_hidden": 128,
    "micro_f1": 0.016786279,
    "weighted_f1": 0.0298397087,
    "samples_f1": 0.0064563036,
    "mean_f1": 0.0176940971
}