{
    "model_id": 10,
    "config": {
        "num_conv_layers": 4,
        "kernel_sizes": [
            5,
            5,
            6,
            6
        ],
        "channels": [
            16,
            32,
            64,
            128
        ],
        "batch_size": 64,
        "dropout": 0.0,
        "dense_hidden": 128
    },
    "micro_f1": 0.5025856940185803,
    "weighted_f1": 0.5518290926828024,
    "samples_f1": 0.47409199260188783,
    "mean_f1": 0.5095022597677569
}