{"Aeroplane": {"precision": 0.0, "recall": 0.0, "f1-score": 0.0, "support": 22}, "Anthus trivialis_Tree Pipit": {"precision": 0.48854961832061067, "recall": 0.3764705882352941, "f1-score": 0.42524916943521596, "support": 170}, "Certhia familiaris_Eurasian Treecreeper": {"precision": 0.08, "recall": 0.020202020202020204, "f1-score": 0.03225806451612903, "support": 99}, "Coccothraustes coccothraustes_Hawfinch": {"precision": 0.8, "recall": 0.04597701149425287, "f1-score": 0.08695652173913043, "support": 87}, "Erithacus rubecula_European Robin": {"precision": 0.4217479674796748, "recall": 0.7464028776978417, "f1-score": 0.5389610389610389, "support": 556}, "Fringilla coelebs_Common Chaffinch": {"precision": 0.5351429956374212, "recall": 0.6626650660264105, "f1-score": 0.5921158487530169, "support": 1666}, "Lophophanes cristatus_Crested Tit": {"precision": 0.038461538461538464, "recall": 0.043478260869565216, "f1-score": 0.04081632653061224, "support": 23}, "Loxia curvirostra_Common Crossbill": {"precision": 0.7, "recall": 0.15217391304347827, "f1-score": 0.25, "support": 46}, "Muscicapa striata_Spotted Flycatcher": {"precision": 0.0, "recall": 0.0, "f1-score": 0.0, "support": 173}, "None": {"precision": 0.8025594149908593, "recall": 0.9374332692718343, "f1-score": 0.8647690337831183, "support": 4683}, "Parus major_Great Tit": {"precision": 0.0, "recall": 0.0, "f1-score": 0.0, "support": 14}, "Periparus ater_Coal Tit": {"precision": 0.6415094339622641, "recall": 0.29310344827586204, "f1-score": 0.40236686390532544, "support": 232}, "Phylloscopus collybita_Common Chiffchaff": {"precision": 0.42805755395683454, "recall": 0.7062314540059347, "f1-score": 0.5330347144456886, "support": 674}, "Regulus ignicapilla_Common Firecrest": {"precision": 0.8186813186813187, "recall": 0.24874791318864775, "f1-score": 0.381562099871959, "support": 599}, "Regulus regulus_Goldcrest": {"precision": 0.30952380952380953, "recall": 0.07738095238095238, "f1-score": 0.12380952380952381, "support": 168}, "Sylvia atricapilla_Eurasian Blackcap": {"precision": 0.2222222222222222, "recall": 0.6037037037037037, "f1-score": 0.32486297957149973, "support": 540}, "Troglodytes troglodytes_Eurasian Wren": {"precision": 0.9090909090909091, "recall": 0.07194244604316546, "f1-score": 0.13333333333333333, "support": 278}, "Turdus merula_Eurasian Blackbird": {"precision": 0.1, "recall": 0.006349206349206349, "f1-score": 0.011940298507462685, "support": 315}, "Vegetation": {"precision": 0.0, "recall": 0.0, "f1-score": 0.0, "support": 45}, "Wind": {"precision": 0.06190476190476191, "recall": 0.06701030927835051, "f1-score": 0.06435643564356436, "support": 194}, "micro avg": {"precision": 0.590342288057578, "recall": 0.6664777021919879, "f1-score": 0.626103936448764, "support": 10584}, "macro avg": {"precision": 0.3678725772116112, "recall": 0.252963622003326, "f1-score": 0.24031961264033092, "support": 10584}, "weighted avg": {"precision": 0.6116828966387957, "recall": 0.6664777021919879, "f1-score": 0.6010997593489712, "support": 10584}, "samples avg": {"precision": 0.6213266513537968, "recall": 0.6727744135866918, "f1-score": 0.6315097097515139, "support": 10584}}