{"Aeroplane": {"precision": 0.0, "recall": 0.0, "f1-score": 0.0, "support": 22}, "Anthus trivialis_Tree Pipit": {"precision": 0.34210526315789475, "recall": 0.3058823529411765, "f1-score": 0.3229813664596274, "support": 170}, "Certhia familiaris_Eurasian Treecreeper": {"precision": 0.0, "recall": 0.0, "f1-score": 0.0, "support": 99}, "Coccothraustes coccothraustes_Hawfinch": {"precision": 0.8125, "recall": 0.14942528735632185, "f1-score": 0.2524271844660194, "support": 87}, "Erithacus rubecula_European Robin": {"precision": 0.48936170212765956, "recall": 0.5377697841726619, "f1-score": 0.5124250214224507, "support": 556}, "Fringilla coelebs_Common Chaffinch": {"precision": 0.5206073752711496, "recall": 0.7202881152460985, "f1-score": 0.6043817678166709, "support": 1666}, "Lophophanes cristatus_Crested Tit": {"precision": 0.2222222222222222, "recall": 0.43478260869565216, "f1-score": 0.29411764705882354, "support": 23}, "Loxia curvirostra_Common Crossbill": {"precision": 0.5555555555555556, "recall": 0.32608695652173914, "f1-score": 0.410958904109589, "support": 46}, "Muscicapa striata_Spotted Flycatcher": {"precision": 0.38235294117647056, "recall": 0.15028901734104047, "f1-score": 0.2157676348547718, "support": 173}, "None": {"precision": 0.8689345991561181, "recall": 0.7036087977792014, "f1-score": 0.7775811209439528, "support": 4683}, "Parus major_Great Tit": {"precision": 0.0, "recall": 0.0, "f1-score": 0.0, "support": 14}, "Periparus ater_Coal Tit": {"precision": 0.7457627118644068, "recall": 0.1896551724137931, "f1-score": 0.30240549828178687, "support": 232}, "Phylloscopus collybita_Common Chiffchaff": {"precision": 0.7567049808429118, "recall": 0.586053412462908, "f1-score": 0.6605351170568561, "support": 674}, "Regulus ignicapilla_Common Firecrest": {"precision": 0.676056338028169, "recall": 0.16026711185308848, "f1-score": 0.2591093117408907, "support": 599}, "Regulus regulus_Goldcrest": {"precision": 0.34615384615384615, "recall": 0.16071428571428573, "f1-score": 0.21951219512195125, "support": 168}, "Sylvia atricapilla_Eurasian Blackcap": {"precision": 0.472289156626506, "recall": 0.362962962962963, "f1-score": 0.4104712041884817, "support": 540}, "Troglodytes troglodytes_Eurasian Wren": {"precision": 0.7796610169491526, "recall": 0.16546762589928057, "f1-score": 0.2729970326409496, "support": 278}, "Turdus merula_Eurasian Blackbird": {"precision": 0.2737226277372263, "recall": 0.23809523809523808, "f1-score": 0.2546689303904923, "support": 315}, "Vegetation": {"precision": 0.0, "recall": 0.0, "f1-score": 0.0, "support": 45}, "Wind": {"precision": 0.08695652173913043, "recall": 0.38144329896907214, "f1-score": 0.14162679425837318, "support": 194}, "micro avg": {"precision": 0.6172878500736997, "recall": 0.5539493575207861, "f1-score": 0.5839059854596156, "support": 10584}, "macro avg": {"precision": 0.41654734293042095, "recall": 0.27863960142122607, "f1-score": 0.2955983365405844, "support": 10584}, "weighted avg": {"precision": 0.6760505140568815, "recall": 0.5539493575207861, "f1-score": 0.5844456299724119, "support": 10584}, "samples avg": {"precision": 0.5868345856704413, "recall": 0.5681641796310016, "f1-score": 0.5691889794334496, "support": 10584}}