{"Aeroplane": {"precision": 0.0, "recall": 0.0, "f1-score": 0.0, "support": 22}, "Anthus trivialis_Tree Pipit": {"precision": 0.7404580152671756, "recall": 0.60625, "f1-score": 0.6666666666666666, "support": 160}, "Certhia familiaris_Eurasian Treecreeper": {"precision": 0.36, "recall": 0.09782608695652174, "f1-score": 0.15384615384615385, "support": 92}, "Coccothraustes coccothraustes_Hawfinch": {"precision": 0.8, "recall": 0.04597701149425287, "f1-score": 0.08695652173913043, "support": 87}, "Erithacus rubecula_European Robin": {"precision": 0.4217479674796748, "recall": 0.7464028776978417, "f1-score": 0.5389610389610389, "support": 556}, "Fringilla coelebs_Common Chaffinch": {"precision": 0.5351429956374212, "recall": 0.8058394160583942, "f1-score": 0.6431692397320128, "support": 1370}, "Lophophanes cristatus_Crested Tit": {"precision": 0.038461538461538464, "recall": 0.043478260869565216, "f1-score": 0.04081632653061224, "support": 23}, "Loxia curvirostra_Common Crossbill": {"precision": 0.7, "recall": 0.19444444444444445, "f1-score": 0.30434782608695654, "support": 36}, "Muscicapa striata_Spotted Flycatcher": {"precision": 0.0, "recall": 0.0, "f1-score": 0.0, "support": 173}, "None": {"precision": 0.8025594149908593, "recall": 0.9374332692718343, "f1-score": 0.8647690337831183, "support": 4683}, "Parus major_Great Tit": {"precision": 0.0, "recall": 0.0, "f1-score": 0.0, "support": 14}, "Periparus ater_Coal Tit": {"precision": 0.8018867924528302, "recall": 0.4009433962264151, "f1-score": 0.5345911949685535, "support": 212}, "Phylloscopus collybita_Common Chiffchaff": {"precision": 0.42805755395683454, "recall": 0.7062314540059347, "f1-score": 0.5330347144456886, "support": 674}, "Regulus ignicapilla_Common Firecrest": {"precision": 0.8186813186813187, "recall": 0.2591304347826087, "f1-score": 0.393659180977543, "support": 575}, "Regulus regulus_Goldcrest": {"precision": 0.30952380952380953, "recall": 0.09558823529411764, "f1-score": 0.14606741573033707, "support": 136}, "Sylvia atricapilla_Eurasian Blackcap": {"precision": 0.2222222222222222, "recall": 0.6612576064908722, "f1-score": 0.3326530612244898, "support": 493}, "Troglodytes troglodytes_Eurasian Wren": {"precision": 1.0, "recall": 0.10576923076923077, "f1-score": 0.19130434782608693, "support": 208}, "Turdus merula_Eurasian Blackbird": {"precision": 0.1, "recall": 0.006349206349206349, "f1-score": 0.011940298507462685, "support": 315}, "Vegetation": {"precision": 0.0, "recall": 0.0, "f1-score": 0.0, "support": 45}, "Wind": {"precision": 0.06190476190476191, "recall": 0.06701030927835051, "f1-score": 0.06435643564356436, "support": 194}, "micro avg": {"precision": 0.5952799397439116, "recall": 0.7064958283671037, "f1-score": 0.6461370758958985, "support": 10068}, "macro avg": {"precision": 0.4070323195289223, "recall": 0.28899656199947954, "f1-score": 0.2753569728334707, "support": 10068}, "weighted avg": {"precision": 0.6263125029043013, "recall": 0.7064958283671037, "f1-score": 0.6267036296493873, "support": 10068}, "samples avg": {"precision": 0.6676768802228412, "recall": 0.724661095636026, "f1-score": 0.6791940575673165, "support": 10068}}