{"Aeroplane": {"precision": 0.0, "recall": 0.0, "f1-score": 0.0, "support": 22}, "Anthus trivialis_Tree Pipit": {"precision": 0.9694656488549618, "recall": 0.675531914893617, "f1-score": 0.7962382445141065, "support": 188}, "Certhia familiaris_Eurasian Treecreeper": {"precision": 0.92, "recall": 0.3194444444444444, "f1-score": 0.47422680412371127, "support": 72}, "Coccothraustes coccothraustes_Hawfinch": {"precision": 0.8, "recall": 0.05194805194805195, "f1-score": 0.0975609756097561, "support": 77}, "Erithacus rubecula_European Robin": {"precision": 0.5254065040650406, "recall": 0.75254730713246, "f1-score": 0.6187911430281269, "support": 687}, "Fringilla coelebs_Common Chaffinch": {"precision": 0.6185167232186136, "recall": 0.8163787587971849, "f1-score": 0.7038058466629896, "support": 1563}, "Lophophanes cristatus_Crested Tit": {"precision": 0.038461538461538464, "recall": 0.043478260869565216, "f1-score": 0.04081632653061224, "support": 23}, "Loxia curvirostra_Common Crossbill": {"precision": 0.7, "recall": 0.2413793103448276, "f1-score": 0.358974358974359, "support": 29}, "Muscicapa striata_Spotted Flycatcher": {"precision": 0.0, "recall": 0.0, "f1-score": 0.0, "support": 171}, "None": {"precision": 0.8025594149908593, "recall": 0.9392383397518186, "f1-score": 0.8655362776025238, "support": 4674}, "Parus major_Great Tit": {"precision": 0.4864864864864865, "recall": 0.43902439024390244, "f1-score": 0.4615384615384615, "support": 41}, "Periparus ater_Coal Tit": {"precision": 0.839622641509434, "recall": 0.45408163265306123, "f1-score": 0.5894039735099338, "support": 196}, "Phylloscopus collybita_Common Chiffchaff": {"precision": 0.4316546762589928, "recall": 0.7058823529411765, "f1-score": 0.5357142857142857, "support": 680}, "Regulus ignicapilla_Common Firecrest": {"precision": 0.8186813186813187, "recall": 0.2609457092819615, "f1-score": 0.3957503320053121, "support": 571}, "Regulus regulus_Goldcrest": {"precision": 0.30952380952380953, "recall": 0.1015625, "f1-score": 0.15294117647058822, "support": 128}, "Sylvia atricapilla_Eurasian Blackcap": {"precision": 0.22358554873892297, "recall": 0.6612903225806451, "f1-score": 0.33418237391747324, "support": 496}, "Troglodytes troglodytes_Eurasian Wren": {"precision": 1.0, "recall": 0.10837438423645321, "f1-score": 0.19555555555555554, "support": 203}, "Turdus merula_Eurasian Blackbird": {"precision": 0.85, "recall": 0.050746268656716415, "f1-score": 0.09577464788732393, "support": 335}, "Vegetation": {"precision": 0.24324324324324326, "recall": 0.16981132075471697, "f1-score": 0.19999999999999998, "support": 53}, "Wind": {"precision": 0.06190476190476191, "recall": 0.06735751295336788, "f1-score": 0.06451612903225806, "support": 193}, "micro avg": {"precision": 0.6262448740480375, "recall": 0.7193808882907133, "f1-score": 0.6695897275289697, "support": 10402}, "macro avg": {"precision": 0.5319556157968992, "recall": 0.34295113912419856, "f1-score": 0.3490663456338689, "support": 10402}, "weighted avg": {"precision": 0.6747504284712562, "recall": 0.7193808882907133, "f1-score": 0.6516288403559963, "support": 10402}, "samples avg": {"precision": 0.7011024570117019, "recall": 0.7477424088497574, "f1-score": 0.7067905116669085, "support": 10402}}