{"Aeroplane": {"precision": 0.0, "recall": 0.0, "f1-score": 0.0, "support": 22}, "Certhia familiaris_Eurasian Treecreeper": {"precision": 0.024390243902439025, "recall": 1.0, "f1-score": 0.047619047619047616, "support": 3}, "Dendrocopos major_Great Spotted Woodpecker": {"precision": 0.0, "recall": 0.0, "f1-score": 0.0, "support": 25}, "Dryocopus martius_Black Woodpecker": {"precision": 0.8, "recall": 0.19047619047619047, "f1-score": 0.3076923076923077, "support": 21}, "Erithacus rubecula_European Robin": {"precision": 0.8475073313782991, "recall": 0.5197841726618705, "f1-score": 0.6443701226309921, "support": 556}, "Fringilla coelebs_Common Chaffinch": {"precision": 0.4139233675121425, "recall": 0.7188378631677601, "f1-score": 0.5253424657534247, "support": 1067}, "Lophophanes cristatus_Crested Tit": {"precision": 0.18604651162790697, "recall": 0.5714285714285714, "f1-score": 0.2807017543859649, "support": 14}, "Loxia curvirostra_Common Crossbill": {"precision": 0.3333333333333333, "recall": 0.019230769230769232, "f1-score": 0.03636363636363637, "support": 52}, "Muscicapa striata_Spotted Flycatcher": {"precision": 0.05263157894736842, "recall": 0.009259259259259259, "f1-score": 0.015748031496062992, "support": 108}, "None": {"precision": 0.8334910122989593, "recall": 0.8976971673120032, "f1-score": 0.8644034536891679, "support": 4907}, "Pecking": {"precision": 0.0, "recall": 0.0, "f1-score": 0.0, "support": 8}, "Periparus ater_Coal Tit": {"precision": 0.1532258064516129, "recall": 0.6785714285714286, "f1-score": 0.25, "support": 28}, "Phylloscopus collybita_Common Chiffchaff": {"precision": 0.825503355704698, "recall": 0.1824925816023739, "f1-score": 0.29890643985419196, "support": 674}, "Rain": {"precision": 0.0, "recall": 0.0, "f1-score": 0.0, "support": 32}, "Regulus ignicapilla_Common Firecrest": {"precision": 0.1386481802426343, "recall": 0.33613445378151263, "f1-score": 0.19631901840490798, "support": 238}, "Regulus regulus_Goldcrest": {"precision": 0.0, "recall": 0.0, "f1-score": 0.0, "support": 12}, "Sylvia atricapilla_Eurasian Blackcap": {"precision": 0.2800528401585205, "recall": 0.4300202839756592, "f1-score": 0.3392, "support": 493}, "Troglodytes troglodytes_Eurasian Wren": {"precision": 0.8571428571428571, "recall": 0.05405405405405406, "f1-score": 0.1016949152542373, "support": 111}, "Turdus merula_Eurasian Blackbird": {"precision": 0.6, "recall": 0.18095238095238095, "f1-score": 0.27804878048780485, "support": 315}, "Turdus philomelos_Song Thrush": {"precision": 0.02531645569620253, "recall": 0.10344827586206896, "f1-score": 0.04067796610169491, "support": 58}, "Vegetation": {"precision": 0.3333333333333333, "recall": 0.02564102564102564, "f1-score": 0.047619047619047616, "support": 39}, "Wind": {"precision": 0.06314699792960662, "recall": 0.32275132275132273, "f1-score": 0.10562770562770563, "support": 189}, "micro avg": {"precision": 0.5632398173175506, "recall": 0.6735399019170754, "f1-score": 0.6134713973909954, "support": 8972}, "macro avg": {"precision": 0.30762241843908694, "recall": 0.2836718091240114, "f1-score": 0.19910612240819067, "support": 8972}, "weighted avg": {"precision": 0.6785104734831, "recall": 0.6735399019170754, "f1-score": 0.6375423464775318, "support": 8972}, "samples avg": {"precision": 0.6040801278112325, "recall": 0.7042214575396337, "f1-score": 0.6274753185039531, "support": 8972}}