{"Regulus ignicapilla_Common Firecrest": {"precision": 0.45950864422202004, "recall": 0.6136087484811664, "f1-score": 0.5254942767950052, "support": 823.0}, "Sylvia atricapilla_Eurasian Blackcap": {"precision": 0.4855027760641579, "recall": 0.5446366782006921, "f1-score": 0.5133724722765819, "support": 1445.0}, "Fringilla coelebs_Common Chaffinch": {"precision": 0.6280834914611005, "recall": 0.1225018504811251, "f1-score": 0.2050170331371942, "support": 2702.0}, "Troglodytes troglodytes_Eurasian Wren": {"precision": 0.6, "recall": 0.020134228187919462, "f1-score": 0.03896103896103896, "support": 149.0}, "Muscicapa striata_Spotted Flycatcher": {"precision": 1.0, "recall": 0.09433962264150944, "f1-score": 0.1724137931034483, "support": 159.0}, "Glaucidium passerinum_Eurasian Pygmy-Owl": {"precision": 0.0, "recall": 0.0, "f1-score": 0.0, "support": 27.0}, "Pyrrhula pyrrhula_Eurasian Bullfinch": {"precision": 0.3333333333333333, "recall": 0.06451612903225806, "f1-score": 0.10810810810810811, "support": 31.0}, "Periparus ater_Coal Tit": {"precision": 0.25, "recall": 0.006622516556291391, "f1-score": 0.012903225806451613, "support": 151.0}, "Lophophanes cristatus_Crested Tit": {"precision": 0.0, "recall": 0.0, "f1-score": 0.0, "support": 43.0}, "Regulus regulus_Goldcrest": {"precision": 0.21782178217821782, "recall": 0.30985915492957744, "f1-score": 0.2558139534883721, "support": 142.0}, "Turdus merula_Eurasian Blackbird": {"precision": 0.03162055335968379, "recall": 0.5217391304347826, "f1-score": 0.05962732919254658, "support": 46.0}, "Certhia familiaris_Eurasian Treecreeper": {"precision": 0.0, "recall": 0.0, "f1-score": 0.0, "support": 76.0}, "Erithacus rubecula_European Robin": {"precision": 0.0, "recall": 0.0, "f1-score": 0.0, "support": 194.0}, "Turdus philomelos_Song Thrush": {"precision": 0.43415637860082307, "recall": 0.47098214285714285, "f1-score": 0.4518201284796574, "support": 448.0}, "Loxia curvirostra_Common Crossbill": {"precision": 0.0, "recall": 0.0, "f1-score": 0.0, "support": 60.0}, "Dendrocopos major_Great Spotted Woodpecker": {"precision": 0.75, "recall": 0.4444444444444444, "f1-score": 0.5581395348837209, "support": 27.0}, "Dryocopus martius_Black Woodpecker": {"precision": 0.0, "recall": 0.0, "f1-score": 0.0, "support": 24.0}, "micro avg": {"precision": 0.4071112981274984, "recall": 0.29555521612952496, "f1-score": 0.3424778761061947, "support": 6547.0}, "macro avg": {"precision": 0.3052957034834904, "recall": 0.1890226262498182, "f1-score": 0.17068652319012503, "support": 6547.0}, "weighted avg": {"precision": 0.5071680691928637, "recall": 0.29555521612952496, "f1-score": 0.3090474088398305, "support": 6547.0}, "samples avg": {"precision": 0.3112063659544535, "recall": 0.23105161347050032, "f1-score": 0.24906168745525115, "support": 6547.0}}