{"Aeroplane": {"precision": 0.0, "recall": 0.0, "f1-score": 0.0, "support": 22}, "Muscicapa striata_Spotted Flycatcher": {"precision": 0.04838709677419355, "recall": 0.027777777777777776, "f1-score": 0.03529411764705882, "support": 108}, "Periparus ater_Coal Tit": {"precision": 0.0, "recall": 0.0, "f1-score": 0.0, "support": 28}, "Regulus regulus_Goldcrest": {"precision": 0.3142857142857143, "recall": 0.4782608695652174, "f1-score": 0.3793103448275862, "support": 23}, "Rain": {"precision": 1.0, "recall": 0.375, "f1-score": 0.5454545454545454, "support": 32}, "Vegetation": {"precision": 0.0, "recall": 0.0, "f1-score": 0.0, "support": 39}, "Troglodytes troglodytes_Eurasian Wren": {"precision": 0.25384615384615383, "recall": 0.2972972972972973, "f1-score": 0.2738589211618257, "support": 111}, "Erithacus rubecula_European Robin": {"precision": 0.5833333333333334, "recall": 0.012589928057553957, "f1-score": 0.02464788732394366, "support": 556}, "Dryocopus martius_Black Woodpecker": {"precision": 0.0, "recall": 0.0, "f1-score": 0.0, "support": 21}, "None": {"precision": 0.9186725018234865, "recall": 0.5133482779702466, "f1-score": 0.6586481893057916, "support": 4907}, "Certhia familiaris_Eurasian Treecreeper": {"precision": 0.0, "recall": 0.0, "f1-score": 0.0, "support": 3}, "Phylloscopus collybita_Common Chiffchaff": {"precision": 0.36930091185410335, "recall": 0.36053412462908013, "f1-score": 0.36486486486486486, "support": 674}, "Wind": {"precision": 0.10164835164835165, "recall": 0.19576719576719576, "f1-score": 0.1338155515370705, "support": 189}, "Turdus merula_Eurasian Blackbird": {"precision": 0.4563106796116505, "recall": 0.1492063492063492, "f1-score": 0.2248803827751196, "support": 315}, "Loxia curvirostra_Common Crossbill": {"precision": 0.8333333333333334, "recall": 0.09615384615384616, "f1-score": 0.1724137931034483, "support": 52}, "Regulus ignicapilla_Common Firecrest": {"precision": 0.8590604026845637, "recall": 0.5378151260504201, "f1-score": 0.6614987080103358, "support": 238}, "Pecking": {"precision": 0.5384615384615384, "recall": 0.875, "f1-score": 0.6666666666666667, "support": 8}, "Dendrocopos major_Great Spotted Woodpecker": {"precision": 0.0, "recall": 0.0, "f1-score": 0.0, "support": 25}, "Sylvia atricapilla_Eurasian Blackcap": {"precision": 0.20512820512820512, "recall": 0.590818363273453, "f1-score": 0.30452674897119336, "support": 501}, "Lophophanes cristatus_Crested Tit": {"precision": 0.0, "recall": 0.0, "f1-score": 0.0, "support": 14}, "Fringilla coelebs_Common Chaffinch": {"precision": 0.6814345991561181, "recall": 0.59375, "f1-score": 0.6345776031434185, "support": 1088}, "Turdus philomelos_Song Thrush": {"precision": 0.025, "recall": 0.017241379310344827, "f1-score": 0.02040816326530612, "support": 58}, "micro avg": {"precision": 0.570144141572713, "recall": 0.44329782512205945, "f1-score": 0.4987826955490354, "support": 9012}, "macro avg": {"precision": 0.32673649190639753, "recall": 0.23275275159358103, "f1-score": 0.23185756763900792, "support": 9012}, "weighted avg": {"precision": 0.7117694511760099, "recall": 0.44329782512205945, "f1-score": 0.5175360194579242, "support": 9012}, "samples avg": {"precision": 0.43041047068944327, "recall": 0.44656097660890587, "f1-score": 0.4315238446367855, "support": 9012}}