{"Aeroplane": {"precision": 0.0, "recall": 0.0, "f1-score": 0.0, "support": 22}, "Muscicapa striata_Spotted Flycatcher": {"precision": 0.0, "recall": 0.0, "f1-score": 0.0, "support": 173}, "Periparus ater_Coal Tit": {"precision": 0.635593220338983, "recall": 0.3456221198156682, "f1-score": 0.4477611940298507, "support": 217}, "Cuculus canorus_Common Cuckoo": {"precision": 0.0, "recall": 0.0, "f1-score": 0.0, "support": 3}, "Regulus regulus_Goldcrest": {"precision": 0.7627118644067796, "recall": 0.33088235294117646, "f1-score": 0.4615384615384615, "support": 136}, "Anthus trivialis_Tree Pipit": {"precision": 0.825, "recall": 0.8638743455497382, "f1-score": 0.8439897698209717, "support": 191}, "Vegetation": {"precision": 0.1724137931034483, "recall": 0.18518518518518517, "f1-score": 0.17857142857142858, "support": 54}, "Troglodytes troglodytes_Eurasian Wren": {"precision": 0.4491017964071856, "recall": 0.35545023696682465, "f1-score": 0.3968253968253968, "support": 211}, "Erithacus rubecula_European Robin": {"precision": 0.6815642458100558, "recall": 0.17681159420289855, "f1-score": 0.2807825086306099, "support": 690}, "None": {"precision": 0.8325053229240597, "recall": 0.7514413837283792, "f1-score": 0.7898989898989899, "support": 4683}, "Parus major_Great Tit": {"precision": 0.6944444444444444, "recall": 0.5555555555555556, "f1-score": 0.6172839506172839, "support": 45}, "Certhia familiaris_Eurasian Treecreeper": {"precision": 0.6641221374045801, "recall": 0.7909090909090909, "f1-score": 0.7219917012448132, "support": 110}, "Phylloscopus collybita_Common Chiffchaff": {"precision": 0.5089141004862237, "recall": 0.4583941605839416, "f1-score": 0.4823348694316436, "support": 685}, "Coccothraustes coccothraustes_Hawfinch": {"precision": 0.0, "recall": 0.0, "f1-score": 0.0, "support": 87}, "Wind": {"precision": 0.17842323651452283, "recall": 0.22164948453608246, "f1-score": 0.19770114942528733, "support": 194}, "Turdus merula_Eurasian Blackbird": {"precision": 0.5221238938053098, "recall": 0.17201166180758018, "f1-score": 0.2587719298245614, "support": 343}, "Loxia curvirostra_Common Crossbill": {"precision": 0.5333333333333333, "recall": 0.2222222222222222, "f1-score": 0.3137254901960784, "support": 36}, "Regulus ignicapilla_Common Firecrest": {"precision": 0.9217171717171717, "recall": 0.6347826086956522, "f1-score": 0.7518022657054584, "support": 575}, "Sylvia atricapilla_Eurasian Blackcap": {"precision": 0.17339795368874528, "recall": 0.644, "f1-score": 0.2732286805260925, "support": 500}, "Lophophanes cristatus_Crested Tit": {"precision": 0.02631578947368421, "recall": 0.043478260869565216, "f1-score": 0.03278688524590164, "support": 23}, "Fringilla coelebs_Common Chaffinch": {"precision": 0.49657377798081315, "recall": 0.6936821952776006, "f1-score": 0.5788072417465389, "support": 1567}, "micro avg": {"precision": 0.5925578779641953, "recall": 0.5995258416311048, "f1-score": 0.5960214952389932, "support": 10545}, "macro avg": {"precision": 0.4322979086590163, "recall": 0.35456916470700767, "f1-score": 0.3632286625371127, "support": 10545}, "weighted avg": {"precision": 0.6594058837692626, "recall": 0.5995258416311048, "f1-score": 0.6031288975530166, "support": 10545}, "samples avg": {"precision": 0.5856545961002785, "recall": 0.6069637883008356, "f1-score": 0.5867197241013397, "support": 10545}}