{"Wind": {"precision": 0.051916932907348244, "recall": 0.5752212389380531, "f1-score": 0.09523809523809523, "support": 113.0}, "Regulus ignicapilla_Common Firecrest": {"precision": 0.22616525423728814, "recall": 0.5157004830917874, "f1-score": 0.31443298969072164, "support": 828.0}, "Sylvia atricapilla_Eurasian Blackcap": {"precision": 0.6622369878183831, "recall": 0.4135546334716459, "f1-score": 0.5091528309919114, "support": 1446.0}, "Fringilla coelebs_Common Chaffinch": {"precision": 0.3806193806193806, "recall": 0.4205298013245033, "f1-score": 0.39958049292081804, "support": 2718.0}, "Troglodytes troglodytes_Eurasian Wren": {"precision": 0.038461538461538464, "recall": 0.03355704697986577, "f1-score": 0.035842293906810034, "support": 149.0}, "Muscicapa striata_Spotted Flycatcher": {"precision": 0.8695652173913043, "recall": 0.12578616352201258, "f1-score": 0.21978021978021978, "support": 159.0}, "Glaucidium passerinum_Eurasian Pygmy-Owl": {"precision": 0.16666666666666666, "recall": 0.1111111111111111, "f1-score": 0.13333333333333333, "support": 27.0}, "Pyrrhula pyrrhula_Eurasian Bullfinch": {"precision": 0.2, "recall": 0.06451612903225806, "f1-score": 0.0975609756097561, "support": 31.0}, "Pecking": {"precision": 0.01078582434514638, "recall": 0.2916666666666667, "f1-score": 0.020802377414561663, "support": 24.0}, "Periparus ater_Coal Tit": {"precision": 0.016129032258064516, "recall": 0.013245033112582781, "f1-score": 0.014545454545454545, "support": 151.0}, "Lophophanes cristatus_Crested Tit": {"precision": 0.0, "recall": 0.0, "f1-score": 0.0, "support": 43.0}, "Regulus regulus_Goldcrest": {"precision": 0.20179372197309417, "recall": 0.29411764705882354, "f1-score": 0.2393617021276596, "support": 153.0}, "Vegetation": {"precision": 0.13333333333333333, "recall": 0.5084745762711864, "f1-score": 0.2112676056338028, "support": 59.0}, "Rain": {"precision": 0.039611964430072755, "recall": 0.7903225806451613, "f1-score": 0.07544264819091609, "support": 62.0}, "Turdus merula_Eurasian Blackbird": {"precision": 0.021604938271604937, "recall": 0.15217391304347827, "f1-score": 0.03783783783783784, "support": 46.0}, "Certhia familiaris_Eurasian Treecreeper": {"precision": 0.3125, "recall": 0.0641025641025641, "f1-score": 0.10638297872340426, "support": 78.0}, "Erithacus rubecula_European Robin": {"precision": 0.0, "recall": 0.0, "f1-score": 0.0, "support": 194.0}, "Turdus philomelos_Song Thrush": {"precision": 0.1320754716981132, "recall": 0.3854625550660793, "f1-score": 0.1967397414277684, "support": 454.0}, "Loxia curvirostra_Common Crossbill": {"precision": 0.004700352526439483, "recall": 0.06153846153846154, "f1-score": 0.008733624454148471, "support": 65.0}, "Dendrocopos major_Great Spotted Woodpecker": {"precision": 0.6470588235294118, "recall": 0.4074074074074074, "f1-score": 0.5, "support": 27.0}, "Dryocopus martius_Black Woodpecker": {"precision": 0.2727272727272727, "recall": 0.125, "f1-score": 0.17142857142857143, "support": 24.0}, "None": {"precision": 0.2625, "recall": 0.010830324909747292, "f1-score": 0.020802377414561663, "support": 5817.0}, "micro avg": {"precision": 0.20943396226415095, "recall": 0.21029365329965266, "f1-score": 0.20986292736726012, "support": 12668.0}, "macro avg": {"precision": 0.21138421423611195, "recall": 0.2438326516951543, "f1-score": 0.1549211886668342, "support": 12668.0}, "weighted avg": {"precision": 0.3173703656628292, "recall": 0.21029365329965266, "f1-score": 0.19224226324862181, "support": 12668.0}, "samples avg": {"precision": 0.1313714834072638, "recall": 0.14910206319830008, "f1-score": 0.12848821786206116, "support": 12668.0}}