{"Aeroplane": {"precision": 0.0, "recall": 0.0, "f1-score": 0.0, "support": 22}, "Muscicapa striata_Spotted Flycatcher": {"precision": 0.04672897196261682, "recall": 0.028901734104046242, "f1-score": 0.03571428571428572, "support": 173}, "Periparus ater_Coal Tit": {"precision": 0.7962962962962963, "recall": 0.39631336405529954, "f1-score": 0.5292307692307692, "support": 217}, "Cuculus canorus_Common Cuckoo": {"precision": 0.0, "recall": 0.0, "f1-score": 0.0, "support": 3}, "Regulus regulus_Goldcrest": {"precision": 0.12264150943396226, "recall": 0.2867647058823529, "f1-score": 0.17180616740088106, "support": 136}, "Anthus trivialis_Tree Pipit": {"precision": 0.9722222222222222, "recall": 0.7329842931937173, "f1-score": 0.835820895522388, "support": 191}, "Vegetation": {"precision": 0.24, "recall": 0.2222222222222222, "f1-score": 0.23076923076923075, "support": 54}, "Troglodytes troglodytes_Eurasian Wren": {"precision": 0.2290748898678414, "recall": 0.24644549763033174, "f1-score": 0.23744292237442924, "support": 211}, "Erithacus rubecula_European Robin": {"precision": 0.5464285714285714, "recall": 0.2217391304347826, "f1-score": 0.31546391752577324, "support": 690}, "None": {"precision": 0.6714684697927384, "recall": 0.9754430920350203, "f1-score": 0.7954030994253873, "support": 4683}, "Parus major_Great Tit": {"precision": 0.6842105263157895, "recall": 0.5777777777777777, "f1-score": 0.6265060240963854, "support": 45}, "Certhia familiaris_Eurasian Treecreeper": {"precision": 0.7142857142857143, "recall": 0.5454545454545454, "f1-score": 0.6185567010309277, "support": 110}, "Phylloscopus collybita_Common Chiffchaff": {"precision": 0.2533470648815654, "recall": 0.35912408759124087, "f1-score": 0.2971014492753623, "support": 685}, "Coccothraustes coccothraustes_Hawfinch": {"precision": 0.0, "recall": 0.0, "f1-score": 0.0, "support": 87}, "Wind": {"precision": 0.4444444444444444, "recall": 0.12371134020618557, "f1-score": 0.1935483870967742, "support": 194}, "Turdus merula_Eurasian Blackbird": {"precision": 0.38095238095238093, "recall": 0.09329446064139942, "f1-score": 0.14988290398126464, "support": 343}, "Loxia curvirostra_Common Crossbill": {"precision": 0.6363636363636364, "recall": 0.19444444444444445, "f1-score": 0.29787234042553196, "support": 36}, "Regulus ignicapilla_Common Firecrest": {"precision": 0.7423728813559322, "recall": 0.3808695652173913, "f1-score": 0.5034482758620689, "support": 575}, "Sylvia atricapilla_Eurasian Blackcap": {"precision": 0.2662192393736018, "recall": 0.476, "f1-score": 0.3414634146341463, "support": 500}, "Lophophanes cristatus_Crested Tit": {"precision": 0.0, "recall": 0.0, "f1-score": 0.0, "support": 23}, "Fringilla coelebs_Common Chaffinch": {"precision": 0.5709852598913887, "recall": 0.4696873005743459, "f1-score": 0.515406162464986, "support": 1567}, "micro avg": {"precision": 0.562632336749386, "recall": 0.6299668089141773, "f1-score": 0.5943987115246957, "support": 10545}, "macro avg": {"precision": 0.39609724185089057, "recall": 0.3014846457840526, "f1-score": 0.31883033080145684, "support": 10545}, "weighted avg": {"precision": 0.5636302521075652, "recall": 0.6299668089141773, "f1-score": 0.5667539062908283, "support": 10545}, "samples avg": {"precision": 0.6201554582835921, "recall": 0.662033426183844, "f1-score": 0.6305502055975593, "support": 10545}}