{"Aeroplane": {"precision": 0.3333333333333333, "recall": 0.045454545454545456, "f1-score": 0.08, "support": 22}, "Muscicapa striata_Spotted Flycatcher": {"precision": 0.0, "recall": 0.0, "f1-score": 0.0, "support": 108}, "Periparus ater_Coal Tit": {"precision": 0.0, "recall": 0.0, "f1-score": 0.0, "support": 28}, "Regulus regulus_Goldcrest": {"precision": 0.5, "recall": 0.4782608695652174, "f1-score": 0.4888888888888889, "support": 23}, "Rain": {"precision": 0.5882352941176471, "recall": 0.625, "f1-score": 0.6060606060606061, "support": 32}, "Vegetation": {"precision": 0.03508771929824561, "recall": 0.05128205128205128, "f1-score": 0.041666666666666664, "support": 39}, "Troglodytes troglodytes_Eurasian Wren": {"precision": 0.22972972972972974, "recall": 0.3063063063063063, "f1-score": 0.2625482625482626, "support": 111}, "Erithacus rubecula_European Robin": {"precision": 0.13793103448275862, "recall": 0.014388489208633094, "f1-score": 0.026058631921824105, "support": 556}, "Dryocopus martius_Black Woodpecker": {"precision": 0.0, "recall": 0.0, "f1-score": 0.0, "support": 21}, "None": {"precision": 0.8851905451037144, "recall": 0.7479111473405339, "f1-score": 0.810780956588976, "support": 4907}, "Certhia familiaris_Eurasian Treecreeper": {"precision": 0.0, "recall": 0.0, "f1-score": 0.0, "support": 3}, "Phylloscopus collybita_Common Chiffchaff": {"precision": 0.42196531791907516, "recall": 0.4332344213649852, "f1-score": 0.42752562225475843, "support": 674}, "Wind": {"precision": 0.2620689655172414, "recall": 0.20105820105820105, "f1-score": 0.22754491017964074, "support": 189}, "Turdus merula_Eurasian Blackbird": {"precision": 0.4625, "recall": 0.11746031746031746, "f1-score": 0.1873417721518987, "support": 315}, "Loxia curvirostra_Common Crossbill": {"precision": 0.0, "recall": 0.0, "f1-score": 0.0, "support": 52}, "Regulus ignicapilla_Common Firecrest": {"precision": 0.5981735159817352, "recall": 0.5504201680672269, "f1-score": 0.5733041575492341, "support": 238}, "Pecking": {"precision": 0.4117647058823529, "recall": 0.875, "f1-score": 0.56, "support": 8}, "Dendrocopos major_Great Spotted Woodpecker": {"precision": 0.0, "recall": 0.0, "f1-score": 0.0, "support": 25}, "Sylvia atricapilla_Eurasian Blackcap": {"precision": 0.19154557463672392, "recall": 0.5788423153692615, "f1-score": 0.2878411910669975, "support": 501}, "Lophophanes cristatus_Crested Tit": {"precision": 0.0, "recall": 0.0, "f1-score": 0.0, "support": 14}, "Fringilla coelebs_Common Chaffinch": {"precision": 0.6005459508644222, "recall": 0.6066176470588235, "f1-score": 0.6035665294924555, "support": 1088}, "Turdus philomelos_Song Thrush": {"precision": 0.030303030303030304, "recall": 0.017241379310344827, "f1-score": 0.02197802197802198, "support": 58}, "micro avg": {"precision": 0.6198022161324913, "recall": 0.5772303595206392, "f1-score": 0.5977592645791439, "support": 9012}, "macro avg": {"precision": 0.25856248714409136, "recall": 0.2567489935839294, "f1-score": 0.23659573715219231, "support": 9012}, "weighted avg": {"precision": 0.6503820927869577, "recall": 0.5772303595206392, "f1-score": 0.5980268359462038, "support": 9012}, "samples avg": {"precision": 0.5662549670230634, "recall": 0.5930318299127443, "f1-score": 0.5698186414789586, "support": 9012}}