{"Wind": {"precision": 0.4326241134751773, "recall": 0.33516483516483514, "f1-score": 0.37770897832817335, "support": 182.0}, "Regulus ignicapilla_Common Firecrest": {"precision": 0.12179487179487179, "recall": 0.23170731707317074, "f1-score": 0.15966386554621848, "support": 82.0}, "Sylvia atricapilla_Eurasian Blackcap": {"precision": 0.16487455197132617, "recall": 0.6781326781326781, "f1-score": 0.2652570879384911, "support": 407.0}, "Fringilla coelebs_Common Chaffinch": {"precision": 0.877521613832853, "recall": 0.44194484760522496, "f1-score": 0.5878378378378378, "support": 1378.0}, "Troglodytes troglodytes_Eurasian Wren": {"precision": 0.15432098765432098, "recall": 0.36764705882352944, "f1-score": 0.21739130434782608, "support": 68.0}, "Muscicapa striata_Spotted Flycatcher": {"precision": 0.0, "recall": 0.0, "f1-score": 0.0, "support": 83.0}, "Glaucidium passerinum_Eurasian Pygmy-Owl": {"precision": 0.0, "recall": 0.0, "f1-score": 0.0, "support": 0.0}, "Pyrrhula pyrrhula_Eurasian Bullfinch": {"precision": 0.0, "recall": 0.0, "f1-score": 0.0, "support": 0.0}, "Pecking": {"precision": 0.0, "recall": 0.0, "f1-score": 0.0, "support": 0.0}, "Periparus ater_Coal Tit": {"precision": 0.0, "recall": 0.0, "f1-score": 0.0, "support": 9.0}, "Lophophanes cristatus_Crested Tit": {"precision": 0.0, "recall": 0.0, "f1-score": 0.0, "support": 15.0}, "Regulus regulus_Goldcrest": {"precision": 0.0, "recall": 0.0, "f1-score": 0.0, "support": 1.0}, "Vegetation": {"precision": 0.1346153846153846, "recall": 0.16279069767441862, "f1-score": 0.14736842105263157, "support": 43.0}, "Rain": {"precision": 0.0, "recall": 0.0, "f1-score": 0.0, "support": 0.0}, "Turdus merula_Eurasian Blackbird": {"precision": 0.4350282485875706, "recall": 0.3811881188118812, "f1-score": 0.40633245382585753, "support": 202.0}, "Certhia familiaris_Eurasian Treecreeper": {"precision": 0.0, "recall": 0.0, "f1-score": 0.0, "support": 0.0}, "Erithacus rubecula_European Robin": {"precision": 0.2222222222222222, "recall": 0.005509641873278237, "f1-score": 0.010752688172043012, "support": 363.0}, "Turdus philomelos_Song Thrush": {"precision": 0.0, "recall": 0.0, "f1-score": 0.0, "support": 0.0}, "Loxia curvirostra_Common Crossbill": {"precision": 0.0, "recall": 0.0, "f1-score": 0.0, "support": 11.0}, "Dendrocopos major_Great Spotted Woodpecker": {"precision": 0.0, "recall": 0.0, "f1-score": 0.0, "support": 0.0}, "Dryocopus martius_Black Woodpecker": {"precision": 0.0, "recall": 0.0, "f1-score": 0.0, "support": 0.0}, "None": {"precision": 0.0, "recall": 0.0, "f1-score": 0.0, "support": 0.0}, "micro avg": {"precision": 0.3152651626135365, "recall": 0.37834036568213786, "f1-score": 0.34393479303180435, "support": 2844.0}, "macro avg": {"precision": 0.1155909997342603, "recall": 0.11836750887086439, "f1-score": 0.09874148350223087, "support": 2844.0}, "weighted avg": {"precision": 0.5449641899556872, "recall": 0.37834036568213786, "f1-score": 0.38921852272932983, "support": 2844.0}, "samples avg": {"precision": 0.2525492264416315, "recall": 0.37834036568213786, "f1-score": 0.29210032817627757, "support": 2844.0}}