{"Aeroplane": {"precision": 0.0, "recall": 0.0, "f1-score": 0.0, "support": 22}, "Muscicapa striata_Spotted Flycatcher": {"precision": 0.05263157894736842, "recall": 0.023121387283236993, "f1-score": 0.0321285140562249, "support": 173}, "Periparus ater_Coal Tit": {"precision": 0.6549295774647887, "recall": 0.42857142857142855, "f1-score": 0.5181058495821727, "support": 217}, "Cuculus canorus_Common Cuckoo": {"precision": 0.0, "recall": 0.0, "f1-score": 0.0, "support": 3}, "Regulus regulus_Goldcrest": {"precision": 0.26136363636363635, "recall": 0.3382352941176471, "f1-score": 0.2948717948717949, "support": 136}, "Anthus trivialis_Tree Pipit": {"precision": 0.9302325581395349, "recall": 0.837696335078534, "f1-score": 0.8815426997245179, "support": 191}, "Vegetation": {"precision": 0.19607843137254902, "recall": 0.18518518518518517, "f1-score": 0.19047619047619044, "support": 54}, "Troglodytes troglodytes_Eurasian Wren": {"precision": 0.2704626334519573, "recall": 0.36018957345971564, "f1-score": 0.3089430894308943, "support": 211}, "Erithacus rubecula_European Robin": {"precision": 0.6192660550458715, "recall": 0.1956521739130435, "f1-score": 0.2973568281938326, "support": 690}, "None": {"precision": 0.8349081364829396, "recall": 0.6792654281443519, "f1-score": 0.7490874838101965, "support": 4683}, "Parus major_Great Tit": {"precision": 0.6410256410256411, "recall": 0.5555555555555556, "f1-score": 0.5952380952380952, "support": 45}, "Certhia familiaris_Eurasian Treecreeper": {"precision": 0.7745098039215687, "recall": 0.7181818181818181, "f1-score": 0.7452830188679246, "support": 110}, "Phylloscopus collybita_Common Chiffchaff": {"precision": 0.45454545454545453, "recall": 0.45255474452554745, "f1-score": 0.45354791514264814, "support": 685}, "Coccothraustes coccothraustes_Hawfinch": {"precision": 0.0, "recall": 0.0, "f1-score": 0.0, "support": 87}, "Wind": {"precision": 0.11282051282051282, "recall": 0.1134020618556701, "f1-score": 0.11311053984575835, "support": 194}, "Turdus merula_Eurasian Blackbird": {"precision": 0.21287128712871287, "recall": 0.12536443148688048, "f1-score": 0.15779816513761472, "support": 343}, "Loxia curvirostra_Common Crossbill": {"precision": 0.75, "recall": 0.16666666666666666, "f1-score": 0.27272727272727276, "support": 36}, "Regulus ignicapilla_Common Firecrest": {"precision": 0.8295880149812734, "recall": 0.7704347826086957, "f1-score": 0.7989179440937781, "support": 575}, "Sylvia atricapilla_Eurasian Blackcap": {"precision": 0.26412092283214, "recall": 0.664, "f1-score": 0.37791690381331816, "support": 500}, "Lophophanes cristatus_Crested Tit": {"precision": 0.0, "recall": 0.0, "f1-score": 0.0, "support": 23}, "Fringilla coelebs_Common Chaffinch": {"precision": 0.5836575875486382, "recall": 0.6700701978302489, "f1-score": 0.6238859180035651, "support": 1567}, "micro avg": {"precision": 0.6143396997242365, "recall": 0.5704125177809388, "f1-score": 0.5915617623918175, "support": 10545}, "macro avg": {"precision": 0.402048182479647, "recall": 0.3468641459268679, "f1-score": 0.35290182014360943, "support": 10545}, "weighted avg": {"precision": 0.6486715975376108, "recall": 0.5704125177809388, "f1-score": 0.5923555329568575, "support": 10545}, "samples avg": {"precision": 0.5552274837511606, "recall": 0.5706128133704735, "f1-score": 0.5543345271256135, "support": 10545}}