{"Aeroplane": {"precision": 0.0, "recall": 0.0, "f1-score": 0.0, "support": 22}, "Muscicapa striata_Spotted Flycatcher": {"precision": 0.0, "recall": 0.0, "f1-score": 0.0, "support": 108}, "Periparus ater_Coal Tit": {"precision": 0.03333333333333333, "recall": 0.03571428571428571, "f1-score": 0.03448275862068965, "support": 28}, "Regulus regulus_Goldcrest": {"precision": 0.3793103448275862, "recall": 0.4782608695652174, "f1-score": 0.4230769230769231, "support": 23}, "Rain": {"precision": 0.8823529411764706, "recall": 0.46875, "f1-score": 0.6122448979591837, "support": 32}, "Vegetation": {"precision": 0.0, "recall": 0.0, "f1-score": 0.0, "support": 39}, "Troglodytes troglodytes_Eurasian Wren": {"precision": 0.38823529411764707, "recall": 0.2972972972972973, "f1-score": 0.336734693877551, "support": 111}, "Erithacus rubecula_European Robin": {"precision": 0.52, "recall": 0.023381294964028777, "f1-score": 0.044750430292598974, "support": 556}, "Dryocopus martius_Black Woodpecker": {"precision": 0.0, "recall": 0.0, "f1-score": 0.0, "support": 21}, "None": {"precision": 0.90311004784689, "recall": 0.6154473201548808, "f1-score": 0.7320324809114046, "support": 4907}, "Certhia familiaris_Eurasian Treecreeper": {"precision": 0.0, "recall": 0.0, "f1-score": 0.0, "support": 3}, "Phylloscopus collybita_Common Chiffchaff": {"precision": 0.4649243466299862, "recall": 0.5014836795252225, "f1-score": 0.48251249107780153, "support": 674}, "Wind": {"precision": 0.23017902813299232, "recall": 0.47619047619047616, "f1-score": 0.3103448275862069, "support": 189}, "Turdus merula_Eurasian Blackbird": {"precision": 0.4406779661016949, "recall": 0.08253968253968254, "f1-score": 0.13903743315508021, "support": 315}, "Loxia curvirostra_Common Crossbill": {"precision": 0.0, "recall": 0.0, "f1-score": 0.0, "support": 52}, "Regulus ignicapilla_Common Firecrest": {"precision": 0.7794117647058824, "recall": 0.44537815126050423, "f1-score": 0.5668449197860963, "support": 238}, "Pecking": {"precision": 0.5, "recall": 0.875, "f1-score": 0.6363636363636364, "support": 8}, "Dendrocopos major_Great Spotted Woodpecker": {"precision": 0.0, "recall": 0.0, "f1-score": 0.0, "support": 25}, "Sylvia atricapilla_Eurasian Blackcap": {"precision": 0.16416464891041163, "recall": 0.6766467065868264, "f1-score": 0.2642244738893219, "support": 501}, "Lophophanes cristatus_Crested Tit": {"precision": 0.0, "recall": 0.0, "f1-score": 0.0, "support": 14}, "Fringilla coelebs_Common Chaffinch": {"precision": 0.6659528907922913, "recall": 0.5716911764705882, "f1-score": 0.6152324431256182, "support": 1088}, "Turdus philomelos_Song Thrush": {"precision": 0.1, "recall": 0.017241379310344827, "f1-score": 0.02941176470588235, "support": 58}, "micro avg": {"precision": 0.5680226127565442, "recall": 0.5128717265867732, "f1-score": 0.5390401772698117, "support": 9012}, "macro avg": {"precision": 0.29325693666250846, "recall": 0.25295555998087976, "f1-score": 0.23760428065581793, "support": 9012}, "weighted avg": {"precision": 0.6990066053448372, "recall": 0.5128717265867732, "f1-score": 0.5610020996491837, "support": 9012}, "samples avg": {"precision": 0.49581131457129984, "recall": 0.5227868583835156, "f1-score": 0.4997407491938646, "support": 9012}}