{"Regulus ignicapilla_Common Firecrest": {"precision": 0.43688524590163935, "recall": 0.6476306196840826, "f1-score": 0.521781693587861, "support": 823.0}, "Sylvia atricapilla_Eurasian Blackcap": {"precision": 0.0, "recall": 0.0, "f1-score": 0.0, "support": 1445.0}, "Fringilla coelebs_Common Chaffinch": {"precision": 0.6280834914611005, "recall": 0.1225018504811251, "f1-score": 0.2050170331371942, "support": 2702.0}, "Troglodytes troglodytes_Eurasian Wren": {"precision": 0.6, "recall": 0.020134228187919462, "f1-score": 0.03896103896103896, "support": 149.0}, "Muscicapa striata_Spotted Flycatcher": {"precision": 1.0, "recall": 0.09433962264150944, "f1-score": 0.1724137931034483, "support": 159.0}, "Glaucidium passerinum_Eurasian Pygmy-Owl": {"precision": 0.0, "recall": 0.0, "f1-score": 0.0, "support": 27.0}, "Pyrrhula pyrrhula_Eurasian Bullfinch": {"precision": 0.4, "recall": 0.12903225806451613, "f1-score": 0.1951219512195122, "support": 31.0}, "Periparus ater_Coal Tit": {"precision": 0.25, "recall": 0.013245033112582781, "f1-score": 0.025157232704402517, "support": 151.0}, "Lophophanes cristatus_Crested Tit": {"precision": 0.0, "recall": 0.0, "f1-score": 0.0, "support": 43.0}, "Regulus regulus_Goldcrest": {"precision": 0.21782178217821782, "recall": 0.30985915492957744, "f1-score": 0.2558139534883721, "support": 142.0}, "Turdus merula_Eurasian Blackbird": {"precision": 0.03162055335968379, "recall": 0.5217391304347826, "f1-score": 0.05962732919254658, "support": 46.0}, "Certhia familiaris_Eurasian Treecreeper": {"precision": 0.0, "recall": 0.0, "f1-score": 0.0, "support": 76.0}, "Erithacus rubecula_European Robin": {"precision": 0.0, "recall": 0.0, "f1-score": 0.0, "support": 194.0}, "Turdus philomelos_Song Thrush": {"precision": 0.43415637860082307, "recall": 0.47098214285714285, "f1-score": 0.4518201284796574, "support": 448.0}, "Loxia curvirostra_Common Crossbill": {"precision": 0.0, "recall": 0.0, "f1-score": 0.0, "support": 60.0}, "Dendrocopos major_Great Spotted Woodpecker": {"precision": 1.0, "recall": 0.25925925925925924, "f1-score": 0.4117647058823529, "support": 27.0}, "Dryocopus martius_Black Woodpecker": {"precision": 0.0, "recall": 0.0, "f1-score": 0.0, "support": 24.0}, "micro avg": {"precision": 0.36078672403196066, "recall": 0.17931877195662135, "f1-score": 0.2395673910825426, "support": 6547.0}, "macro avg": {"precision": 0.2940333795000861, "recall": 0.15227784115602927, "f1-score": 0.137498756456258, "support": 6547.0}, "weighted avg": {"precision": 0.3985146551767167, "recall": 0.17931877195662135, "f1-score": 0.19536434566217153, "support": 6547.0}, "samples avg": {"precision": 0.1903235733755385, "recall": 0.13864415721445528, "f1-score": 0.15035422240645135, "support": 6547.0}}