{"Aeroplane": {"precision": 0.0, "recall": 0.0, "f1-score": 0.0, "support": 22}, "Muscicapa striata_Spotted Flycatcher": {"precision": 0.01282051282051282, "recall": 0.005780346820809248, "f1-score": 0.00796812749003984, "support": 173}, "Periparus ater_Coal Tit": {"precision": 0.6190476190476191, "recall": 0.23963133640552994, "f1-score": 0.345514950166113, "support": 217}, "Cuculus canorus_Common Cuckoo": {"precision": 0.0, "recall": 0.0, "f1-score": 0.0, "support": 3}, "Regulus regulus_Goldcrest": {"precision": 0.38596491228070173, "recall": 0.3235294117647059, "f1-score": 0.352, "support": 136}, "Anthus trivialis_Tree Pipit": {"precision": 0.7602040816326531, "recall": 0.7801047120418848, "f1-score": 0.7700258397932817, "support": 191}, "Vegetation": {"precision": 0.47619047619047616, "recall": 0.18518518518518517, "f1-score": 0.26666666666666666, "support": 54}, "Troglodytes troglodytes_Eurasian Wren": {"precision": 0.19708029197080293, "recall": 0.38388625592417064, "f1-score": 0.2604501607717042, "support": 211}, "Erithacus rubecula_European Robin": {"precision": 0.7015706806282722, "recall": 0.19420289855072465, "f1-score": 0.30419977298524403, "support": 690}, "None": {"precision": 0.8318636096413874, "recall": 0.6043134742686312, "f1-score": 0.7000618429189858, "support": 4683}, "Parus major_Great Tit": {"precision": 0.575, "recall": 0.5111111111111111, "f1-score": 0.5411764705882353, "support": 45}, "Certhia familiaris_Eurasian Treecreeper": {"precision": 0.7049180327868853, "recall": 0.7818181818181819, "f1-score": 0.7413793103448276, "support": 110}, "Phylloscopus collybita_Common Chiffchaff": {"precision": 0.4873417721518987, "recall": 0.44963503649635034, "f1-score": 0.46772968868640846, "support": 685}, "Coccothraustes coccothraustes_Hawfinch": {"precision": 0.0, "recall": 0.0, "f1-score": 0.0, "support": 87}, "Wind": {"precision": 0.19469026548672566, "recall": 0.3402061855670103, "f1-score": 0.2476547842401501, "support": 194}, "Turdus merula_Eurasian Blackbird": {"precision": 0.5212765957446809, "recall": 0.14285714285714285, "f1-score": 0.22425629290617846, "support": 343}, "Loxia curvirostra_Common Crossbill": {"precision": 0.5, "recall": 0.2222222222222222, "f1-score": 0.30769230769230765, "support": 36}, "Regulus ignicapilla_Common Firecrest": {"precision": 0.9577114427860697, "recall": 0.6695652173913044, "f1-score": 0.7881269191402253, "support": 575}, "Sylvia atricapilla_Eurasian Blackcap": {"precision": 0.21401657874905802, "recall": 0.568, "f1-score": 0.31089217296113847, "support": 500}, "Lophophanes cristatus_Crested Tit": {"precision": 0.0, "recall": 0.0, "f1-score": 0.0, "support": 23}, "Fringilla coelebs_Common Chaffinch": {"precision": 0.6221374045801527, "recall": 0.624122527121889, "f1-score": 0.6231283848359351, "support": 1567}, "micro avg": {"precision": 0.5986038394415357, "recall": 0.5204362256993836, "f1-score": 0.5567899355755086, "support": 10545}, "macro avg": {"precision": 0.417230203642757, "recall": 0.3345795831212787, "f1-score": 0.34566303296130674, "support": 10545}, "weighted avg": {"precision": 0.6719426585060807, "recall": 0.5204362256993836, "f1-score": 0.5667470089226773, "support": 10545}, "samples avg": {"precision": 0.5089396471680595, "recall": 0.519108635097493, "f1-score": 0.5060888712030773, "support": 10545}}