{"Aeroplane": {"precision": 0.0, "recall": 0.0, "f1-score": 0.0, "support": 22}, "Muscicapa striata_Spotted Flycatcher": {"precision": 0.0, "recall": 0.0, "f1-score": 0.0, "support": 173}, "Periparus ater_Coal Tit": {"precision": 0.6851851851851852, "recall": 0.34101382488479265, "f1-score": 0.45538461538461544, "support": 217}, "Cuculus canorus_Common Cuckoo": {"precision": 0.0, "recall": 0.0, "f1-score": 0.0, "support": 3}, "Regulus regulus_Goldcrest": {"precision": 0.4215686274509804, "recall": 0.3161764705882353, "f1-score": 0.361344537815126, "support": 136}, "Anthus trivialis_Tree Pipit": {"precision": 0.867816091954023, "recall": 0.7905759162303665, "f1-score": 0.8273972602739726, "support": 191}, "Vegetation": {"precision": 0.4642857142857143, "recall": 0.24074074074074073, "f1-score": 0.3170731707317073, "support": 54}, "Troglodytes troglodytes_Eurasian Wren": {"precision": 0.2972972972972973, "recall": 0.3127962085308057, "f1-score": 0.3048498845265589, "support": 211}, "Erithacus rubecula_European Robin": {"precision": 0.7692307692307693, "recall": 0.21739130434782608, "f1-score": 0.3389830508474576, "support": 690}, "None": {"precision": 0.842443729903537, "recall": 0.44757633995302154, "f1-score": 0.5845767675359086, "support": 4683}, "Parus major_Great Tit": {"precision": 0.5945945945945946, "recall": 0.4888888888888889, "f1-score": 0.5365853658536586, "support": 45}, "Certhia familiaris_Eurasian Treecreeper": {"precision": 0.2631578947368421, "recall": 0.5909090909090909, "f1-score": 0.3641456582633053, "support": 110}, "Phylloscopus collybita_Common Chiffchaff": {"precision": 0.4421364985163205, "recall": 0.43503649635036495, "f1-score": 0.43855776306107436, "support": 685}, "Coccothraustes coccothraustes_Hawfinch": {"precision": 0.0, "recall": 0.0, "f1-score": 0.0, "support": 87}, "Wind": {"precision": 0.16420664206642066, "recall": 0.4587628865979381, "f1-score": 0.24184782608695649, "support": 194}, "Turdus merula_Eurasian Blackbird": {"precision": 0.5272727272727272, "recall": 0.16909620991253643, "f1-score": 0.2560706401766004, "support": 343}, "Loxia curvirostra_Common Crossbill": {"precision": 0.43478260869565216, "recall": 0.2777777777777778, "f1-score": 0.3389830508474576, "support": 36}, "Regulus ignicapilla_Common Firecrest": {"precision": 0.9116022099447514, "recall": 0.5739130434782609, "f1-score": 0.7043756670224119, "support": 575}, "Sylvia atricapilla_Eurasian Blackcap": {"precision": 0.30971128608923887, "recall": 0.472, "f1-score": 0.3740095087163234, "support": 500}, "Lophophanes cristatus_Crested Tit": {"precision": 0.0, "recall": 0.0, "f1-score": 0.0, "support": 23}, "Fringilla coelebs_Common Chaffinch": {"precision": 0.4700249791840133, "recall": 0.7204850031908104, "f1-score": 0.5689090450995212, "support": 1567}, "micro avg": {"precision": 0.5586398334489937, "recall": 0.45803698435277385, "f1-score": 0.5033609504455213, "support": 10545}, "macro avg": {"precision": 0.4031103264956223, "recall": 0.3263400096372122, "f1-score": 0.33395684820203125, "support": 10545}, "weighted avg": {"precision": 0.6579414185893365, "recall": 0.45803698435277385, "f1-score": 0.5077269365113165, "support": 10545}, "samples avg": {"precision": 0.43842154131847727, "recall": 0.44636954503249765, "f1-score": 0.4339206791351638, "support": 10545}}