{"Aeroplane": {"precision": 0.0, "recall": 0.0, "f1-score": 0.0, "support": 22}, "Muscicapa striata_Spotted Flycatcher": {"precision": 0.0, "recall": 0.0, "f1-score": 0.0, "support": 173}, "Periparus ater_Coal Tit": {"precision": 0.6285714285714286, "recall": 0.30414746543778803, "f1-score": 0.40993788819875776, "support": 217}, "Cuculus canorus_Common Cuckoo": {"precision": 0.0, "recall": 0.0, "f1-score": 0.0, "support": 3}, "Regulus regulus_Goldcrest": {"precision": 0.9090909090909091, "recall": 0.29411764705882354, "f1-score": 0.4444444444444445, "support": 136}, "Anthus trivialis_Tree Pipit": {"precision": 0.8858695652173914, "recall": 0.8534031413612565, "f1-score": 0.8693333333333334, "support": 191}, "Vegetation": {"precision": 0.16393442622950818, "recall": 0.18518518518518517, "f1-score": 0.17391304347826084, "support": 54}, "Troglodytes troglodytes_Eurasian Wren": {"precision": 0.44808743169398907, "recall": 0.3886255924170616, "f1-score": 0.41624365482233505, "support": 211}, "Erithacus rubecula_European Robin": {"precision": 0.6759259259259259, "recall": 0.21159420289855072, "f1-score": 0.32229580573951433, "support": 690}, "None": {"precision": 0.847457627118644, "recall": 0.7153534059363655, "f1-score": 0.7758221398795739, "support": 4683}, "Parus major_Great Tit": {"precision": 0.5813953488372093, "recall": 0.5555555555555556, "f1-score": 0.5681818181818183, "support": 45}, "Certhia familiaris_Eurasian Treecreeper": {"precision": 0.6062992125984252, "recall": 0.7, "f1-score": 0.649789029535865, "support": 110}, "Phylloscopus collybita_Common Chiffchaff": {"precision": 0.5802047781569966, "recall": 0.49635036496350365, "f1-score": 0.5350118017309204, "support": 685}, "Coccothraustes coccothraustes_Hawfinch": {"precision": 0.0, "recall": 0.0, "f1-score": 0.0, "support": 87}, "Wind": {"precision": 0.2874015748031496, "recall": 0.37628865979381443, "f1-score": 0.3258928571428572, "support": 194}, "Turdus merula_Eurasian Blackbird": {"precision": 0.5507246376811594, "recall": 0.11078717201166181, "f1-score": 0.18446601941747576, "support": 343}, "Loxia curvirostra_Common Crossbill": {"precision": 0.75, "recall": 0.25, "f1-score": 0.375, "support": 36}, "Regulus ignicapilla_Common Firecrest": {"precision": 0.8804347826086957, "recall": 0.7043478260869566, "f1-score": 0.782608695652174, "support": 575}, "Sylvia atricapilla_Eurasian Blackcap": {"precision": 0.21959237343852728, "recall": 0.668, "f1-score": 0.330529440870856, "support": 500}, "Lophophanes cristatus_Crested Tit": {"precision": 0.012987012987012988, "recall": 0.043478260869565216, "f1-score": 0.02, "support": 23}, "Fringilla coelebs_Common Chaffinch": {"precision": 0.5775075987841946, "recall": 0.7275047862156988, "f1-score": 0.6438859079356114, "support": 1567}, "micro avg": {"precision": 0.6342765079045414, "recall": 0.5973447131341868, "f1-score": 0.6152568861105685, "support": 10545}, "macro avg": {"precision": 0.45740403017824605, "recall": 0.36117806027579935, "f1-score": 0.37273123239827605, "support": 10545}, "weighted avg": {"precision": 0.6876167892889995, "recall": 0.5973447131341868, "f1-score": 0.6160681452585242, "support": 10545}, "samples avg": {"precision": 0.5827019498607242, "recall": 0.60016713091922, "f1-score": 0.5822613078657647, "support": 10545}}