{"Aeroplane": {"precision": 0.0, "recall": 0.0, "f1-score": 0.0, "support": 22}, "Muscicapa striata_Spotted Flycatcher": {"precision": 0.0, "recall": 0.0, "f1-score": 0.0, "support": 173}, "Periparus ater_Coal Tit": {"precision": 0.6388888888888888, "recall": 0.10599078341013825, "f1-score": 0.18181818181818182, "support": 217}, "Cuculus canorus_Common Cuckoo": {"precision": 0.0, "recall": 0.0, "f1-score": 0.0, "support": 3}, "Regulus regulus_Goldcrest": {"precision": 0.3125, "recall": 0.29411764705882354, "f1-score": 0.30303030303030304, "support": 136}, "Anthus trivialis_Tree Pipit": {"precision": 0.9216867469879518, "recall": 0.8010471204188482, "f1-score": 0.8571428571428572, "support": 191}, "Vegetation": {"precision": 0.04597701149425287, "recall": 0.2222222222222222, "f1-score": 0.07619047619047618, "support": 54}, "Troglodytes troglodytes_Eurasian Wren": {"precision": 0.38311688311688313, "recall": 0.2796208530805687, "f1-score": 0.32328767123287677, "support": 211}, "Erithacus rubecula_European Robin": {"precision": 0.6267942583732058, "recall": 0.18985507246376812, "f1-score": 0.2914349276974416, "support": 690}, "None": {"precision": 0.7587247689115262, "recall": 0.8588511637838993, "f1-score": 0.8056891025641028, "support": 4683}, "Parus major_Great Tit": {"precision": 0.7037037037037037, "recall": 0.4222222222222222, "f1-score": 0.5277777777777777, "support": 45}, "Certhia familiaris_Eurasian Treecreeper": {"precision": 0.7613636363636364, "recall": 0.6090909090909091, "f1-score": 0.6767676767676768, "support": 110}, "Phylloscopus collybita_Common Chiffchaff": {"precision": 0.4014962593516209, "recall": 0.47007299270072994, "f1-score": 0.43308675184936113, "support": 685}, "Coccothraustes coccothraustes_Hawfinch": {"precision": 0.08333333333333333, "recall": 0.022988505747126436, "f1-score": 0.036036036036036036, "support": 87}, "Wind": {"precision": 0.10256410256410256, "recall": 0.28865979381443296, "f1-score": 0.15135135135135136, "support": 194}, "Turdus merula_Eurasian Blackbird": {"precision": 0.6935483870967742, "recall": 0.12536443148688048, "f1-score": 0.2123456790123457, "support": 343}, "Loxia curvirostra_Common Crossbill": {"precision": 0.75, "recall": 0.3333333333333333, "f1-score": 0.46153846153846156, "support": 36}, "Regulus ignicapilla_Common Firecrest": {"precision": 0.8165137614678899, "recall": 0.6191304347826087, "f1-score": 0.7042532146389713, "support": 575}, "Sylvia atricapilla_Eurasian Blackcap": {"precision": 0.31640625, "recall": 0.486, "f1-score": 0.3832807570977918, "support": 500}, "Lophophanes cristatus_Crested Tit": {"precision": 0.008695652173913044, "recall": 0.043478260869565216, "f1-score": 0.014492753623188408, "support": 23}, "Fringilla coelebs_Common Chaffinch": {"precision": 0.5075973409306742, "recall": 0.6821952776005106, "f1-score": 0.582085488701334, "support": 1567}, "micro avg": {"precision": 0.5868814729574223, "recall": 0.6287339971550497, "f1-score": 0.6070872630711472, "support": 10545}, "macro avg": {"precision": 0.420614808798017, "recall": 0.3263924297184089, "f1-score": 0.3343623556224064, "support": 10545}, "weighted avg": {"precision": 0.6194288589557788, "recall": 0.6287339971550497, "f1-score": 0.5990227116656333, "support": 10545}, "samples avg": {"precision": 0.6195617455896008, "recall": 0.6477344475394614, "f1-score": 0.6227800327187514, "support": 10545}}