{"Aeroplane": {"precision": 0.0, "recall": 0.0, "f1-score": 0.0, "support": 22}, "Muscicapa striata_Spotted Flycatcher": {"precision": 0.0, "recall": 0.0, "f1-score": 0.0, "support": 14}, "Periparus ater_Coal Tit": {"precision": 0.9655172413793104, "recall": 0.8484848484848485, "f1-score": 0.9032258064516129, "support": 132}, "Regulus regulus_Goldcrest": {"precision": 0.9354120267260579, "recall": 0.9813084112149533, "f1-score": 0.9578107183580388, "support": 428}, "Rain": {"precision": 0.3333333333333333, "recall": 0.34782608695652173, "f1-score": 0.3404255319148936, "support": 23}, "Vegetation": {"precision": 0.0, "recall": 0.0, "f1-score": 0.0, "support": 26}, "Troglodytes troglodytes_Eurasian Wren": {"precision": 0.6041055718475073, "recall": 0.7383512544802867, "f1-score": 0.6645161290322581, "support": 279}, "Erithacus rubecula_European Robin": {"precision": 0.5, "recall": 0.012750455373406194, "f1-score": 0.02486678507992895, "support": 549}, "Dryocopus martius_Black Woodpecker": {"precision": 0.0, "recall": 0.0, "f1-score": 0.0, "support": 21}, "None": {"precision": 0.9121739130434783, "recall": 0.20504300234558248, "f1-score": 0.33482285349505264, "support": 5116}, "Certhia familiaris_Eurasian Treecreeper": {"precision": 0.8536585365853658, "recall": 0.9210526315789473, "f1-score": 0.8860759493670887, "support": 38}, "Phylloscopus collybita_Common Chiffchaff": {"precision": 0.4712041884816754, "recall": 0.5381165919282511, "f1-score": 0.5024424284717377, "support": 669}, "Wind": {"precision": 0.18712273641851107, "recall": 0.5535714285714286, "f1-score": 0.2796992481203008, "support": 168}, "Turdus merula_Eurasian Blackbird": {"precision": 0.21428571428571427, "recall": 0.029315960912052116, "f1-score": 0.05157593123209169, "support": 307}, "Loxia curvirostra_Common Crossbill": {"precision": 0.0, "recall": 0.0, "f1-score": 0.0, "support": 49}, "Regulus ignicapilla_Common Firecrest": {"precision": 0.8607435412728418, "recall": 0.9446749654218534, "f1-score": 0.9007583250906693, "support": 1446}, "Pecking": {"precision": 0.3684210526315789, "recall": 0.875, "f1-score": 0.5185185185185185, "support": 8}, "Dendrocopos major_Great Spotted Woodpecker": {"precision": 0.0, "recall": 0.0, "f1-score": 0.0, "support": 16}, "Sylvia atricapilla_Eurasian Blackcap": {"precision": 0.28123280132085854, "recall": 0.7341954022988506, "f1-score": 0.40668523676880225, "support": 696}, "Lophophanes cristatus_Crested Tit": {"precision": 0.0, "recall": 0.0, "f1-score": 0.0, "support": 3}, "Fringilla coelebs_Common Chaffinch": {"precision": 0.787514103046258, "recall": 0.8914431673052363, "f1-score": 0.8362619808306709, "support": 2349}, "Turdus philomelos_Song Thrush": {"precision": 0.9851510496671787, "recall": 0.9422135161606269, "f1-score": 0.9632040050062578, "support": 2042}, "micro avg": {"precision": 0.6839866555462886, "recall": 0.5694743420595791, "f1-score": 0.6214997537039142, "support": 14401}, "macro avg": {"precision": 0.42090344591089407, "recall": 0.4346976237742202, "f1-score": 0.3895858839880874, "support": 14401}, "weighted avg": {"precision": 0.7912620703026751, "recall": 0.5694743420595791, "f1-score": 0.5834714188002804, "support": 14401}, "samples avg": {"precision": 0.40142899525316456, "recall": 0.4267207278481013, "f1-score": 0.4057098591018685, "support": 14401}}