{"Aeroplane": {"precision": 0.0, "recall": 0.0, "f1-score": 0.0, "support": 22}, "Muscicapa striata_Spotted Flycatcher": {"precision": 0.0, "recall": 0.0, "f1-score": 0.0, "support": 173}, "Periparus ater_Coal Tit": {"precision": 0.6285714285714286, "recall": 0.30414746543778803, "f1-score": 0.40993788819875776, "support": 217}, "Cuculus canorus_Common Cuckoo": {"precision": 0.0, "recall": 0.0, "f1-score": 0.0, "support": 3}, "Regulus regulus_Goldcrest": {"precision": 0.8541666666666666, "recall": 0.3014705882352941, "f1-score": 0.4456521739130435, "support": 136}, "Anthus trivialis_Tree Pipit": {"precision": 0.8846153846153846, "recall": 0.8429319371727748, "f1-score": 0.8632707774798928, "support": 191}, "Vegetation": {"precision": 0.1694915254237288, "recall": 0.18518518518518517, "f1-score": 0.17699115044247785, "support": 54}, "Troglodytes troglodytes_Eurasian Wren": {"precision": 0.44505494505494503, "recall": 0.38388625592417064, "f1-score": 0.41221374045801523, "support": 211}, "Erithacus rubecula_European Robin": {"precision": 0.6790697674418604, "recall": 0.21159420289855072, "f1-score": 0.32265193370165746, "support": 690}, "None": {"precision": 0.8342644320297952, "recall": 0.7653213751868461, "f1-score": 0.7983071611538033, "support": 4683}, "Parus major_Great Tit": {"precision": 0.5777777777777777, "recall": 0.5777777777777777, "f1-score": 0.5777777777777777, "support": 45}, "Certhia familiaris_Eurasian Treecreeper": {"precision": 0.6015625, "recall": 0.7, "f1-score": 0.6470588235294118, "support": 110}, "Phylloscopus collybita_Common Chiffchaff": {"precision": 0.5754385964912281, "recall": 0.47883211678832116, "f1-score": 0.5227091633466135, "support": 685}, "Coccothraustes coccothraustes_Hawfinch": {"precision": 0.0, "recall": 0.0, "f1-score": 0.0, "support": 87}, "Wind": {"precision": 0.24375, "recall": 0.4020618556701031, "f1-score": 0.3035019455252918, "support": 194}, "Turdus merula_Eurasian Blackbird": {"precision": 0.5507246376811594, "recall": 0.11078717201166181, "f1-score": 0.18446601941747576, "support": 343}, "Loxia curvirostra_Common Crossbill": {"precision": 0.6923076923076923, "recall": 0.25, "f1-score": 0.3673469387755102, "support": 36}, "Regulus ignicapilla_Common Firecrest": {"precision": 0.8804347826086957, "recall": 0.7043478260869566, "f1-score": 0.782608695652174, "support": 575}, "Sylvia atricapilla_Eurasian Blackcap": {"precision": 0.22015915119363394, "recall": 0.664, "f1-score": 0.33067729083665337, "support": 500}, "Lophophanes cristatus_Crested Tit": {"precision": 0.013157894736842105, "recall": 0.043478260869565216, "f1-score": 0.020202020202020204, "support": 23}, "Fringilla coelebs_Common Chaffinch": {"precision": 0.48072562358276644, "recall": 0.8117421825143587, "f1-score": 0.603845240920959, "support": 1567}, "micro avg": {"precision": 0.6058812818645303, "recall": 0.6311047889995258, "f1-score": 0.6182358678991129, "support": 10545}, "macro avg": {"precision": 0.4443463241039813, "recall": 0.3684554381790169, "f1-score": 0.36996279720626357, "support": 10545}, "weighted avg": {"precision": 0.6654709830452592, "recall": 0.6311047889995258, "f1-score": 0.6187504571799625, "support": 10545}, "samples avg": {"precision": 0.6075116063138346, "recall": 0.6352089136490251, "f1-score": 0.6112065260644648, "support": 10545}}