{"Aeroplane": {"precision": 0.0, "recall": 0.0, "f1-score": 0.0, "support": 22}, "Muscicapa striata_Spotted Flycatcher": {"precision": 0.0, "recall": 0.0, "f1-score": 0.0, "support": 108}, "Periparus ater_Coal Tit": {"precision": 0.06896551724137931, "recall": 0.07142857142857142, "f1-score": 0.07017543859649124, "support": 28}, "Regulus regulus_Goldcrest": {"precision": 0.36666666666666664, "recall": 0.4782608695652174, "f1-score": 0.41509433962264153, "support": 23}, "Rain": {"precision": 0.9230769230769231, "recall": 0.375, "f1-score": 0.5333333333333333, "support": 32}, "Vegetation": {"precision": 0.027777777777777776, "recall": 0.05128205128205128, "f1-score": 0.036036036036036036, "support": 39}, "Troglodytes troglodytes_Eurasian Wren": {"precision": 0.2866666666666667, "recall": 0.38738738738738737, "f1-score": 0.32950191570881227, "support": 111}, "Erithacus rubecula_European Robin": {"precision": 0.5483870967741935, "recall": 0.030575539568345324, "f1-score": 0.05792163543441227, "support": 556}, "Dryocopus martius_Black Woodpecker": {"precision": 0.0, "recall": 0.0, "f1-score": 0.0, "support": 21}, "None": {"precision": 0.887050170738114, "recall": 0.6882005298553088, "f1-score": 0.7750745926095938, "support": 4907}, "Certhia familiaris_Eurasian Treecreeper": {"precision": 0.0196078431372549, "recall": 0.3333333333333333, "f1-score": 0.037037037037037035, "support": 3}, "Phylloscopus collybita_Common Chiffchaff": {"precision": 0.32710280373831774, "recall": 0.5192878338278932, "f1-score": 0.40137614678899086, "support": 674}, "Wind": {"precision": 0.27692307692307694, "recall": 0.38095238095238093, "f1-score": 0.3207126948775056, "support": 189}, "Turdus merula_Eurasian Blackbird": {"precision": 0.47058823529411764, "recall": 0.050793650793650794, "f1-score": 0.09169054441260743, "support": 315}, "Loxia curvirostra_Common Crossbill": {"precision": 0.0, "recall": 0.0, "f1-score": 0.0, "support": 52}, "Regulus ignicapilla_Common Firecrest": {"precision": 0.8839285714285714, "recall": 0.41596638655462187, "f1-score": 0.5657142857142856, "support": 238}, "Pecking": {"precision": 0.22580645161290322, "recall": 0.875, "f1-score": 0.358974358974359, "support": 8}, "Dendrocopos major_Great Spotted Woodpecker": {"precision": 0.0, "recall": 0.0, "f1-score": 0.0, "support": 25}, "Sylvia atricapilla_Eurasian Blackcap": {"precision": 0.15766634522661524, "recall": 0.6526946107784432, "f1-score": 0.25398058252427186, "support": 501}, "Lophophanes cristatus_Crested Tit": {"precision": 0.0, "recall": 0.0, "f1-score": 0.0, "support": 14}, "Fringilla coelebs_Common Chaffinch": {"precision": 0.5845493562231759, "recall": 0.6259191176470589, "f1-score": 0.6045272969374168, "support": 1088}, "Turdus philomelos_Song Thrush": {"precision": 0.09090909090909091, "recall": 0.017241379310344827, "f1-score": 0.02898550724637681, "support": 58}, "micro avg": {"precision": 0.5532524807056229, "recall": 0.5568131380381713, "f1-score": 0.5550270987722598, "support": 9012}, "macro avg": {"precision": 0.27934875424703837, "recall": 0.27060562010384587, "f1-score": 0.22182435208428056, "support": 9012}, "weighted avg": {"precision": 0.6750997739265858, "recall": 0.5568131380381713, "f1-score": 0.575494130283838, "support": 9012}, "samples avg": {"precision": 0.5351460407193479, "recall": 0.5672647576912048, "f1-score": 0.5409153952843272, "support": 9012}}