{"Regulus ignicapilla_Common Firecrest": {"precision": 0.45867768595041325, "recall": 0.5394896719319563, "f1-score": 0.49581239530988275, "support": 823.0}, "Sylvia atricapilla_Eurasian Blackcap": {"precision": 0.0, "recall": 0.0, "f1-score": 0.0, "support": 1445.0}, "Fringilla coelebs_Common Chaffinch": {"precision": 0.6337579617834395, "recall": 0.14729829755736493, "f1-score": 0.23903903903903903, "support": 2702.0}, "Troglodytes troglodytes_Eurasian Wren": {"precision": 0.6666666666666666, "recall": 0.013422818791946308, "f1-score": 0.02631578947368421, "support": 149.0}, "Muscicapa striata_Spotted Flycatcher": {"precision": 1.0, "recall": 0.07547169811320754, "f1-score": 0.14035087719298245, "support": 159.0}, "Glaucidium passerinum_Eurasian Pygmy-Owl": {"precision": 0.0, "recall": 0.0, "f1-score": 0.0, "support": 27.0}, "Pyrrhula pyrrhula_Eurasian Bullfinch": {"precision": 0.0, "recall": 0.0, "f1-score": 0.0, "support": 31.0}, "Periparus ater_Coal Tit": {"precision": 0.3333333333333333, "recall": 0.006622516556291391, "f1-score": 0.012987012987012988, "support": 151.0}, "Lophophanes cristatus_Crested Tit": {"precision": 0.0, "recall": 0.0, "f1-score": 0.0, "support": 43.0}, "Regulus regulus_Goldcrest": {"precision": 0.26804123711340205, "recall": 0.18309859154929578, "f1-score": 0.2175732217573222, "support": 142.0}, "Turdus merula_Eurasian Blackbird": {"precision": 0.038461538461538464, "recall": 0.4782608695652174, "f1-score": 0.07119741100323625, "support": 46.0}, "Certhia familiaris_Eurasian Treecreeper": {"precision": 0.0, "recall": 0.0, "f1-score": 0.0, "support": 76.0}, "Erithacus rubecula_European Robin": {"precision": 0.0, "recall": 0.0, "f1-score": 0.0, "support": 194.0}, "Turdus philomelos_Song Thrush": {"precision": 0.42071881606765327, "recall": 0.44419642857142855, "f1-score": 0.43213897937024975, "support": 448.0}, "Loxia curvirostra_Common Crossbill": {"precision": 0.0, "recall": 0.0, "f1-score": 0.0, "support": 60.0}, "Dendrocopos major_Great Spotted Woodpecker": {"precision": 0.7, "recall": 0.25925925925925924, "f1-score": 0.3783783783783784, "support": 27.0}, "Dryocopus martius_Black Woodpecker": {"precision": 0.0, "recall": 0.0, "f1-score": 0.0, "support": 24.0}, "micro avg": {"precision": 0.40007202016564636, "recall": 0.16969604398961358, "f1-score": 0.2383097383097383, "support": 6547.0}, "macro avg": {"precision": 0.2658621905515557, "recall": 0.12630118540564514, "f1-score": 0.1184584179124581, "support": 6547.0}, "weighted avg": {"precision": 0.40412181624871735, "recall": 0.16969604398961358, "f1-score": 0.20163737945006807, "support": 6547.0}, "samples avg": {"precision": 0.1858964213488086, "recall": 0.132405697705091, "f1-score": 0.1458246975920413, "support": 6547.0}}