{"Aeroplane": {"precision": 0.014285714285714285, "recall": 0.09090909090909091, "f1-score": 0.024691358024691357, "support": 22}, "Muscicapa striata_Spotted Flycatcher": {"precision": 0.0, "recall": 0.0, "f1-score": 0.0, "support": 173}, "Periparus ater_Coal Tit": {"precision": 0.22380952380952382, "recall": 0.21658986175115208, "f1-score": 0.22014051522248243, "support": 217}, "Cuculus canorus_Common Cuckoo": {"precision": 0.0, "recall": 0.0, "f1-score": 0.0, "support": 3}, "Regulus regulus_Goldcrest": {"precision": 0.8723404255319149, "recall": 0.3014705882352941, "f1-score": 0.44808743169398907, "support": 136}, "Anthus trivialis_Tree Pipit": {"precision": 0.9230769230769231, "recall": 0.7539267015706806, "f1-score": 0.829971181556196, "support": 191}, "Vegetation": {"precision": 0.0684931506849315, "recall": 0.18518518518518517, "f1-score": 0.1, "support": 54}, "Troglodytes troglodytes_Eurasian Wren": {"precision": 0.37373737373737376, "recall": 0.35071090047393366, "f1-score": 0.3618581907090465, "support": 211}, "Erithacus rubecula_European Robin": {"precision": 0.6666666666666666, "recall": 0.17101449275362318, "f1-score": 0.2722029988465975, "support": 690}, "None": {"precision": 0.8137874210381764, "recall": 0.6327140721759555, "f1-score": 0.7119173474291207, "support": 4683}, "Parus major_Great Tit": {"precision": 0.6666666666666666, "recall": 0.5333333333333333, "f1-score": 0.5925925925925926, "support": 45}, "Certhia familiaris_Eurasian Treecreeper": {"precision": 0.6846846846846847, "recall": 0.6909090909090909, "f1-score": 0.6877828054298641, "support": 110}, "Phylloscopus collybita_Common Chiffchaff": {"precision": 0.5133333333333333, "recall": 0.3372262773722628, "f1-score": 0.4070484581497797, "support": 685}, "Coccothraustes coccothraustes_Hawfinch": {"precision": 0.0, "recall": 0.0, "f1-score": 0.0, "support": 87}, "Wind": {"precision": 0.14423076923076922, "recall": 0.15463917525773196, "f1-score": 0.1492537313432836, "support": 194}, "Turdus merula_Eurasian Blackbird": {"precision": 0.27053140096618356, "recall": 0.16326530612244897, "f1-score": 0.20363636363636364, "support": 343}, "Loxia curvirostra_Common Crossbill": {"precision": 0.5789473684210527, "recall": 0.3055555555555556, "f1-score": 0.4000000000000001, "support": 36}, "Regulus ignicapilla_Common Firecrest": {"precision": 0.9336188436830836, "recall": 0.7582608695652174, "f1-score": 0.836852207293666, "support": 575}, "Sylvia atricapilla_Eurasian Blackcap": {"precision": 0.30980861244019137, "recall": 0.518, "f1-score": 0.3877245508982036, "support": 500}, "Lophophanes cristatus_Crested Tit": {"precision": 0.018867924528301886, "recall": 0.043478260869565216, "f1-score": 0.026315789473684213, "support": 23}, "Fringilla coelebs_Common Chaffinch": {"precision": 0.5183741648106904, "recall": 0.5941289087428206, "f1-score": 0.5536723163841808, "support": 1567}, "micro avg": {"precision": 0.6100671140939598, "recall": 0.5172119487908962, "f1-score": 0.5598152424942263, "support": 10545}, "macro avg": {"precision": 0.40929814131410386, "recall": 0.32387227003728297, "f1-score": 0.34351180184208296, "support": 10545}, "weighted avg": {"precision": 0.6448910255867886, "recall": 0.5172119487908962, "f1-score": 0.5603484795449082, "support": 10545}, "samples avg": {"precision": 0.514531104921077, "recall": 0.5167316620241411, "f1-score": 0.5076906751558562, "support": 10545}}