{"Regulus ignicapilla_Common Firecrest": {"precision": 0.44148936170212766, "recall": 0.3487394957983193, "f1-score": 0.38967136150234744, "support": 238.0}, "Sylvia atricapilla_Eurasian Blackcap": {"precision": 0.1917024320457797, "recall": 0.8154158215010142, "f1-score": 0.3104247104247104, "support": 493.0}, "Fringilla coelebs_Common Chaffinch": {"precision": 0.6540880503144654, "recall": 0.4528301886792453, "f1-score": 0.5351629502572899, "support": 1378.0}, "Troglodytes troglodytes_Eurasian Wren": {"precision": 0.11224489795918367, "recall": 0.2972972972972973, "f1-score": 0.16296296296296298, "support": 111.0}, "Muscicapa striata_Spotted Flycatcher": {"precision": 0.04819277108433735, "recall": 0.023121387283236993, "f1-score": 0.03125, "support": 173.0}, "Glaucidium passerinum_Eurasian Pygmy-Owl": {"precision": 0.0, "recall": 0.0, "f1-score": 0.0, "support": 0.0}, "Pyrrhula pyrrhula_Eurasian Bullfinch": {"precision": 0.0, "recall": 0.0, "f1-score": 0.0, "support": 0.0}, "Periparus ater_Coal Tit": {"precision": 0.0, "recall": 0.0, "f1-score": 0.0, "support": 29.0}, "Lophophanes cristatus_Crested Tit": {"precision": 0.0, "recall": 0.0, "f1-score": 0.0, "support": 16.0}, "Regulus regulus_Goldcrest": {"precision": 0.3333333333333333, "recall": 0.0625, "f1-score": 0.10526315789473684, "support": 16.0}, "Turdus merula_Eurasian Blackbird": {"precision": 0.3488372093023256, "recall": 0.09523809523809523, "f1-score": 0.14962593516209477, "support": 315.0}, "Certhia familiaris_Eurasian Treecreeper": {"precision": 0.0, "recall": 0.0, "f1-score": 0.0, "support": 3.0}, "Erithacus rubecula_European Robin": {"precision": 0.5660377358490566, "recall": 0.0539568345323741, "f1-score": 0.09852216748768473, "support": 556.0}, "Turdus philomelos_Song Thrush": {"precision": 0.0, "recall": 0.0, "f1-score": 0.0, "support": 0.0}, "Loxia curvirostra_Common Crossbill": {"precision": 0.0, "recall": 0.0, "f1-score": 0.0, "support": 13.0}, "Dendrocopos major_Great Spotted Woodpecker": {"precision": 0.0, "recall": 0.0, "f1-score": 0.0, "support": 0.0}, "Dryocopus martius_Black Woodpecker": {"precision": 0.0, "recall": 0.0, "f1-score": 0.0, "support": 0.0}, "micro avg": {"precision": 0.3008474576271186, "recall": 0.3612690811134391, "f1-score": 0.3283013735890113, "support": 3341.0}, "macro avg": {"precision": 0.15858387009356525, "recall": 0.12641759531350485, "f1-score": 0.1048754850406957, "support": 3341.0}, "weighted avg": {"precision": 0.46442612058776117, "recall": 0.3612690811134391, "f1-score": 0.33233330016339524, "support": 3341.0}, "samples avg": {"precision": 0.2561608300907912, "recall": 0.3612690811134391, "f1-score": 0.28912501247131595, "support": 3341.0}}