{"Aeroplane": {"precision": 0.0, "recall": 0.0, "f1-score": 0.0, "support": 22}, "Muscicapa striata_Spotted Flycatcher": {"precision": 0.0, "recall": 0.0, "f1-score": 0.0, "support": 173}, "Periparus ater_Coal Tit": {"precision": 0.5952380952380952, "recall": 0.2304147465437788, "f1-score": 0.33222591362126247, "support": 217}, "Cuculus canorus_Common Cuckoo": {"precision": 0.0, "recall": 0.0, "f1-score": 0.0, "support": 3}, "Regulus regulus_Goldcrest": {"precision": 0.582089552238806, "recall": 0.2867647058823529, "f1-score": 0.3842364532019704, "support": 136}, "Anthus trivialis_Tree Pipit": {"precision": 0.9051094890510949, "recall": 0.6492146596858639, "f1-score": 0.7560975609756099, "support": 191}, "Vegetation": {"precision": 0.16923076923076924, "recall": 0.2037037037037037, "f1-score": 0.18487394957983194, "support": 54}, "Troglodytes troglodytes_Eurasian Wren": {"precision": 0.5, "recall": 0.3080568720379147, "f1-score": 0.38123167155425225, "support": 211}, "Erithacus rubecula_European Robin": {"precision": 0.5020576131687243, "recall": 0.17681159420289855, "f1-score": 0.26152197213290457, "support": 690}, "None": {"precision": 0.7641618497109827, "recall": 0.8468930172966047, "f1-score": 0.8034032209054999, "support": 4683}, "Parus major_Great Tit": {"precision": 0.8125, "recall": 0.5777777777777777, "f1-score": 0.6753246753246752, "support": 45}, "Certhia familiaris_Eurasian Treecreeper": {"precision": 0.8588235294117647, "recall": 0.6636363636363637, "f1-score": 0.7487179487179487, "support": 110}, "Phylloscopus collybita_Common Chiffchaff": {"precision": 0.5880758807588076, "recall": 0.3167883211678832, "f1-score": 0.41176470588235287, "support": 685}, "Coccothraustes coccothraustes_Hawfinch": {"precision": 0.0, "recall": 0.0, "f1-score": 0.0, "support": 87}, "Wind": {"precision": 0.09278350515463918, "recall": 0.3711340206185567, "f1-score": 0.14845360824742268, "support": 194}, "Turdus merula_Eurasian Blackbird": {"precision": 0.7241379310344828, "recall": 0.061224489795918366, "f1-score": 0.11290322580645162, "support": 343}, "Loxia curvirostra_Common Crossbill": {"precision": 0.7272727272727273, "recall": 0.2222222222222222, "f1-score": 0.3404255319148936, "support": 36}, "Regulus ignicapilla_Common Firecrest": {"precision": 0.7523148148148148, "recall": 0.5652173913043478, "f1-score": 0.6454816285998014, "support": 575}, "Sylvia atricapilla_Eurasian Blackcap": {"precision": 0.16565767749036875, "recall": 0.602, "f1-score": 0.2598187311178248, "support": 500}, "Lophophanes cristatus_Crested Tit": {"precision": 0.0, "recall": 0.0, "f1-score": 0.0, "support": 23}, "Fringilla coelebs_Common Chaffinch": {"precision": 0.7833500501504513, "recall": 0.49840459476707083, "f1-score": 0.609204368174727, "support": 1567}, "micro avg": {"precision": 0.5835136915404159, "recall": 0.5880512091038407, "f1-score": 0.585773663328925, "support": 10545}, "macro avg": {"precision": 0.45346683260602516, "recall": 0.31334592764967895, "f1-score": 0.33598500789321095, "support": 10545}, "weighted avg": {"precision": 0.6628905164468942, "recall": 0.5880512091038407, "f1-score": 0.5910144538736066, "support": 10545}, "samples avg": {"precision": 0.5980779944289694, "recall": 0.6127483751160631, "f1-score": 0.596812839899191, "support": 10545}}