Metric,Value
mAP (sample-wise),0.6067838445081476
cmAP (class-wise),0.3387897264138041
F0.5 Score,0.3607195805387978
