Metric,Value
mAP (sample-wise),0.6353736532286521
cmAP (class-wise),0.39612751276181424
F0.5 Score,0.386404622824282
