Metric,Value
mAP (sample-wise),0.46221953535410715
cmAP (class-wise),0.23051246445948737
F0.5 Score,0.17216839460921807
