Metric,Value
mAP (sample-wise),0.6505546978674194
cmAP (class-wise),0.32203498800082736
F0.5 Score,0.36919254112740807
