Metric,Value
mAP (sample-wise),0.3136501325605592
cmAP (class-wise),0.14611045769203435
F0.5 Score,0.16731487230648795
