Metric,Value
mAP (sample-wise),0.46340264403834763
cmAP (class-wise),0.1632331168778292
F0.5 Score,0.1014947008884513
