Metric,Value
mAP (sample-wise),0.5222335607593631
cmAP (class-wise),0.20881649311088749
F0.5 Score,0.11856008884873939
