Metric,Value
mAP (sample-wise),0.7034713422880997
cmAP (class-wise),0.3456516536938584
F0.5 Score,0.3782775757341676
