{"Aeroplane": {"precision": 0.0, "recall": 0.0, "f1-score": 0.0, "support": 22}, "Certhia familiaris_Eurasian Treecreeper": {"precision": 0.024390243902439025, "recall": 0.3333333333333333, "f1-score": 0.04545454545454545, "support": 3}, "Dendrocopos major_Great Spotted Woodpecker": {"precision": 0.0, "recall": 0.0, "f1-score": 0.0, "support": 16}, "Dryocopus martius_Black Woodpecker": {"precision": 0.0, "recall": 0.0, "f1-score": 0.0, "support": 21}, "Erithacus rubecula_European Robin": {"precision": 0.7132530120481928, "recall": 0.5391621129326047, "f1-score": 0.6141078838174274, "support": 549}, "Fringilla coelebs_Common Chaffinch": {"precision": 0.5165394402035624, "recall": 0.8277268093781855, "f1-score": 0.63611437524481, "support": 981}, "Lophophanes cristatus_Crested Tit": {"precision": 0.0, "recall": 0.0, "f1-score": 0.0, "support": 3}, "Loxia curvirostra_Common Crossbill": {"precision": 0.5, "recall": 0.061224489795918366, "f1-score": 0.1090909090909091, "support": 49}, "Muscicapa striata_Spotted Flycatcher": {"precision": 0.0, "recall": 0.0, "f1-score": 0.0, "support": 14}, "None": {"precision": 0.8825470782372354, "recall": 0.8885848318999218, "f1-score": 0.8855556637771501, "support": 5116}, "Pecking": {"precision": 0.0, "recall": 0.0, "f1-score": 0.0, "support": 8}, "Periparus ater_Coal Tit": {"precision": 0.14130434782608695, "recall": 0.65, "f1-score": 0.23214285714285715, "support": 20}, "Phylloscopus collybita_Common Chiffchaff": {"precision": 0.9230769230769231, "recall": 0.12556053811659193, "f1-score": 0.2210526315789474, "support": 669}, "Rain": {"precision": 0.0, "recall": 0.0, "f1-score": 0.0, "support": 23}, "Regulus ignicapilla_Common Firecrest": {"precision": 0.4709897610921502, "recall": 0.5974025974025974, "f1-score": 0.5267175572519085, "support": 231}, "Regulus regulus_Goldcrest": {"precision": 0.013303769401330377, "recall": 0.6, "f1-score": 0.026030368763557486, "support": 10}, "Sylvia atricapilla_Eurasian Blackcap": {"precision": 0.22892561983471074, "recall": 0.5687885010266941, "f1-score": 0.32645845609899826, "support": 487}, "Troglodytes troglodytes_Eurasian Wren": {"precision": 1.0, "recall": 0.05405405405405406, "f1-score": 0.10256410256410257, "support": 111}, "Turdus merula_Eurasian Blackbird": {"precision": 0.3931034482758621, "recall": 0.5570032573289903, "f1-score": 0.4609164420485175, "support": 307}, "Turdus philomelos_Song Thrush": {"precision": 0.07692307692307693, "recall": 0.06896551724137931, "f1-score": 0.07272727272727274, "support": 58}, "Vegetation": {"precision": 0.0, "recall": 0.0, "f1-score": 0.0, "support": 26}, "Wind": {"precision": 0.05830903790087463, "recall": 0.136986301369863, "f1-score": 0.08179959100204498, "support": 146}, "micro avg": {"precision": 0.6238505184895324, "recall": 0.7189402480270575, "f1-score": 0.6680284936098889, "support": 8870}, "macro avg": {"precision": 0.2701211708510202, "recall": 0.27312692472182426, "f1-score": 0.19730602984377488, "support": 8870}, "weighted avg": {"precision": 0.735448199765964, "recall": 0.7189402480270575, "f1-score": 0.6876718494697684, "support": 8870}, "samples avg": {"precision": 0.6908341535433071, "recall": 0.735472030839895, "f1-score": 0.7011711426696663, "support": 8870}}