{"Aeroplane": {"precision": 0.0, "recall": 0.0, "f1-score": 0.0, "support": 22}, "Certhia familiaris_Eurasian Treecreeper": {"precision": 0.0, "recall": 0.0, "f1-score": 0.0, "support": 3}, "Dendrocopos major_Great Spotted Woodpecker": {"precision": 1.0, "recall": 0.1875, "f1-score": 0.3157894736842105, "support": 16}, "Dryocopus martius_Black Woodpecker": {"precision": 1.0, "recall": 0.09523809523809523, "f1-score": 0.17391304347826084, "support": 21}, "Erithacus rubecula_European Robin": {"precision": 0.736734693877551, "recall": 0.6575591985428051, "f1-score": 0.6948989412897015, "support": 549}, "Fringilla coelebs_Common Chaffinch": {"precision": 0.14321687126219704, "recall": 0.9276248725790011, "f1-score": 0.24812542603953644, "support": 981}, "Lophophanes cristatus_Crested Tit": {"precision": 0.0, "recall": 0.0, "f1-score": 0.0, "support": 3}, "Loxia curvirostra_Common Crossbill": {"precision": 0.65625, "recall": 0.42857142857142855, "f1-score": 0.5185185185185185, "support": 49}, "Muscicapa striata_Spotted Flycatcher": {"precision": 0.0, "recall": 0.0, "f1-score": 0.0, "support": 14}, "None": {"precision": 0.920937419520989, "recall": 0.6989835809225958, "f1-score": 0.7947549727747528, "support": 5116}, "Pecking": {"precision": 0.0, "recall": 0.0, "f1-score": 0.0, "support": 8}, "Periparus ater_Coal Tit": {"precision": 1.0, "recall": 0.1, "f1-score": 0.18181818181818182, "support": 20}, "Phylloscopus collybita_Common Chiffchaff": {"precision": 0.8021978021978022, "recall": 0.3273542600896861, "f1-score": 0.46496815286624205, "support": 669}, "Rain": {"precision": 0.0, "recall": 0.0, "f1-score": 0.0, "support": 23}, "Regulus ignicapilla_Common Firecrest": {"precision": 0.20280612244897958, "recall": 0.6883116883116883, "f1-score": 0.3133004926108375, "support": 231}, "Regulus regulus_Goldcrest": {"precision": 0.05405405405405406, "recall": 0.4, "f1-score": 0.09523809523809523, "support": 10}, "Sylvia atricapilla_Eurasian Blackcap": {"precision": 0.19402985074626866, "recall": 0.6940451745379876, "f1-score": 0.3032750112157918, "support": 487}, "Troglodytes troglodytes_Eurasian Wren": {"precision": 1.0, "recall": 0.036036036036036036, "f1-score": 0.06956521739130435, "support": 111}, "Turdus merula_Eurasian Blackbird": {"precision": 1.0, "recall": 0.009771986970684038, "f1-score": 0.019354838709677417, "support": 307}, "Turdus philomelos_Song Thrush": {"precision": 0.03125, "recall": 0.13793103448275862, "f1-score": 0.050955414012738856, "support": 58}, "Vegetation": {"precision": 0.16666666666666666, "recall": 0.038461538461538464, "f1-score": 0.0625, "support": 26}, "Wind": {"precision": 0.04257602862254025, "recall": 0.815068493150685, "f1-score": 0.08092485549132948, "support": 146}, "micro avg": {"precision": 0.3379733396248673, "recall": 0.6459977452085682, "f1-score": 0.4437732342007435, "support": 8870}, "macro avg": {"precision": 0.40685088679077486, "recall": 0.28374806308613587, "f1-score": 0.19945002886996271, "support": 8870}, "weighted avg": {"precision": 0.7276830598916135, "recall": 0.6459977452085682, "f1-score": 0.5964789307743064, "support": 8870}, "samples avg": {"precision": 0.34354084645669286, "recall": 0.6504060039370079, "f1-score": 0.4293394966254218, "support": 8870}}