{"Aeroplane": {"precision": 0.0, "recall": 0.0, "f1-score": 0.0, "support": 22}, "Anthus trivialis_Tree Pipit": {"precision": 0.8214285714285714, "recall": 0.43125, "f1-score": 0.5655737704918032, "support": 160}, "Certhia familiaris_Eurasian Treecreeper": {"precision": 0.34615384615384615, "recall": 0.09782608695652174, "f1-score": 0.15254237288135594, "support": 92}, "Coccothraustes coccothraustes_Hawfinch": {"precision": 0.8888888888888888, "recall": 0.1839080459770115, "f1-score": 0.30476190476190473, "support": 87}, "Cuculus canorus_Common Cuckoo": {"precision": 0.0, "recall": 0.0, "f1-score": 0.0, "support": 3}, "Erithacus rubecula_European Robin": {"precision": 0.4391353811149033, "recall": 0.6942446043165468, "f1-score": 0.537979094076655, "support": 556}, "Fringilla coelebs_Common Chaffinch": {"precision": 0.495949594959496, "recall": 0.8043795620437956, "f1-score": 0.61358574610245, "support": 1370}, "Lophophanes cristatus_Crested Tit": {"precision": 0.0, "recall": 0.0, "f1-score": 0.0, "support": 23}, "Loxia curvirostra_Common Crossbill": {"precision": 0.3793103448275862, "recall": 0.3055555555555556, "f1-score": 0.3384615384615385, "support": 36}, "Muscicapa striata_Spotted Flycatcher": {"precision": 0.0, "recall": 0.0, "f1-score": 0.0, "support": 173}, "None": {"precision": 0.7775082308092185, "recall": 0.9581464872944694, "f1-score": 0.8584273962119763, "support": 4683}, "Parus major_Great Tit": {"precision": 0.0, "recall": 0.0, "f1-score": 0.0, "support": 14}, "Periparus ater_Coal Tit": {"precision": 0.9310344827586207, "recall": 0.5094339622641509, "f1-score": 0.6585365853658537, "support": 212}, "Phylloscopus collybita_Common Chiffchaff": {"precision": 0.7145708582834331, "recall": 0.5311572700296736, "f1-score": 0.6093617021276596, "support": 674}, "Regulus ignicapilla_Common Firecrest": {"precision": 0.6143187066974596, "recall": 0.46260869565217394, "f1-score": 0.5277777777777778, "support": 575}, "Regulus regulus_Goldcrest": {"precision": 0.43137254901960786, "recall": 0.16176470588235295, "f1-score": 0.23529411764705885, "support": 136}, "Sylvia atricapilla_Eurasian Blackcap": {"precision": 0.5965665236051502, "recall": 0.281947261663286, "f1-score": 0.3829201101928374, "support": 493}, "Troglodytes troglodytes_Eurasian Wren": {"precision": 1.0, "recall": 0.04807692307692308, "f1-score": 0.09174311926605505, "support": 208}, "Turdus merula_Eurasian Blackbird": {"precision": 0.43564356435643564, "recall": 0.13968253968253969, "f1-score": 0.21153846153846154, "support": 315}, "Vegetation": {"precision": 0.0, "recall": 0.0, "f1-score": 0.0, "support": 45}, "Wind": {"precision": 0.04, "recall": 0.03608247422680412, "f1-score": 0.03794037940379404, "support": 194}, "micro avg": {"precision": 0.6518999073215941, "recall": 0.6984410684142588, "f1-score": 0.6743684387133887, "support": 10071}, "macro avg": {"precision": 0.42437531156681985, "recall": 0.26886019879151457, "f1-score": 0.2917354322051039, "support": 10071}, "weighted avg": {"precision": 0.65107134382395, "recall": 0.6984410684142588, "f1-score": 0.6425000442146283, "support": 10071}, "samples avg": {"precision": 0.6944289693593315, "recall": 0.7226740947075209, "f1-score": 0.6954614670380688, "support": 10071}}