{"Aeroplane": {"precision": 0.0, "recall": 0.0, "f1-score": 0.0, "support": 22}, "Anthus trivialis_Tree Pipit": {"precision": 0.7872340425531915, "recall": 0.23125, "f1-score": 0.357487922705314, "support": 160}, "Certhia familiaris_Eurasian Treecreeper": {"precision": 0.5625, "recall": 0.09782608695652174, "f1-score": 0.16666666666666669, "support": 92}, "Coccothraustes coccothraustes_Hawfinch": {"precision": 0.6666666666666666, "recall": 0.04597701149425287, "f1-score": 0.08602150537634408, "support": 87}, "Cuculus canorus_Common Cuckoo": {"precision": 0.0, "recall": 0.0, "f1-score": 0.0, "support": 3}, "Erithacus rubecula_European Robin": {"precision": 0.5070422535211268, "recall": 0.5827338129496403, "f1-score": 0.5422594142259414, "support": 556}, "Fringilla coelebs_Common Chaffinch": {"precision": 0.5319148936170213, "recall": 0.7481751824817519, "f1-score": 0.62177737336973, "support": 1370}, "Lophophanes cristatus_Crested Tit": {"precision": 0.0, "recall": 0.0, "f1-score": 0.0, "support": 23}, "Loxia curvirostra_Common Crossbill": {"precision": 0.7333333333333333, "recall": 0.3055555555555556, "f1-score": 0.43137254901960786, "support": 36}, "Muscicapa striata_Spotted Flycatcher": {"precision": 0.0, "recall": 0.0, "f1-score": 0.0, "support": 173}, "None": {"precision": 0.7505376344086021, "recall": 0.9688234038009823, "f1-score": 0.8458240119313944, "support": 4683}, "Parus major_Great Tit": {"precision": 0.0, "recall": 0.0, "f1-score": 0.0, "support": 14}, "Periparus ater_Coal Tit": {"precision": 0.9666666666666667, "recall": 0.13679245283018868, "f1-score": 0.2396694214876033, "support": 212}, "Phylloscopus collybita_Common Chiffchaff": {"precision": 0.9194630872483222, "recall": 0.2032640949554896, "f1-score": 0.33292831105710813, "support": 674}, "Regulus ignicapilla_Common Firecrest": {"precision": 0.93, "recall": 0.1617391304347826, "f1-score": 0.2755555555555556, "support": 575}, "Regulus regulus_Goldcrest": {"precision": 0.5172413793103449, "recall": 0.22058823529411764, "f1-score": 0.30927835051546393, "support": 136}, "Sylvia atricapilla_Eurasian Blackcap": {"precision": 0.5340136054421769, "recall": 0.3184584178498986, "f1-score": 0.39898348157560354, "support": 493}, "Troglodytes troglodytes_Eurasian Wren": {"precision": 1.0, "recall": 0.04326923076923077, "f1-score": 0.08294930875576036, "support": 208}, "Turdus merula_Eurasian Blackbird": {"precision": 0.2, "recall": 0.009523809523809525, "f1-score": 0.018181818181818184, "support": 315}, "Vegetation": {"precision": 0.0, "recall": 0.0, "f1-score": 0.0, "support": 45}, "Wind": {"precision": 0.06779661016949153, "recall": 0.020618556701030927, "f1-score": 0.03162055335968379, "support": 194}, "micro avg": {"precision": 0.6747736365550642, "recall": 0.636381690000993, "f1-score": 0.6550155858756196, "support": 10071}, "macro avg": {"precision": 0.4606861987112829, "recall": 0.194980713409393, "f1-score": 0.22574172589445696, "support": 10071}, "weighted avg": {"precision": 0.6716990981568706, "recall": 0.636381690000993, "f1-score": 0.586971863691683, "support": 10071}, "samples avg": {"precision": 0.6770659238625812, "recall": 0.6666016713091922, "f1-score": 0.6631754874651811, "support": 10071}}