{"Regulus ignicapilla_Common Firecrest": {"precision": 0.46638655462184875, "recall": 0.46638655462184875, "f1-score": 0.46638655462184875, "support": 238.0}, "Sylvia atricapilla_Eurasian Blackcap": {"precision": 0.19443063152660367, "recall": 0.7931034482758621, "f1-score": 0.31230031948881787, "support": 493.0}, "Fringilla coelebs_Common Chaffinch": {"precision": 0.674928503336511, "recall": 0.5137880986937591, "f1-score": 0.5834363411619283, "support": 1378.0}, "Troglodytes troglodytes_Eurasian Wren": {"precision": 0.20300751879699247, "recall": 0.4864864864864865, "f1-score": 0.2864721485411141, "support": 111.0}, "Muscicapa striata_Spotted Flycatcher": {"precision": 0.0, "recall": 0.0, "f1-score": 0.0, "support": 173.0}, "Glaucidium passerinum_Eurasian Pygmy-Owl": {"precision": 0.0, "recall": 0.0, "f1-score": 0.0, "support": 0.0}, "Pyrrhula pyrrhula_Eurasian Bullfinch": {"precision": 0.0, "recall": 0.0, "f1-score": 0.0, "support": 0.0}, "Periparus ater_Coal Tit": {"precision": 0.0, "recall": 0.0, "f1-score": 0.0, "support": 29.0}, "Lophophanes cristatus_Crested Tit": {"precision": 0.0, "recall": 0.0, "f1-score": 0.0, "support": 16.0}, "Regulus regulus_Goldcrest": {"precision": 0.0, "recall": 0.0, "f1-score": 0.0, "support": 16.0}, "Turdus merula_Eurasian Blackbird": {"precision": 0.40611353711790393, "recall": 0.29523809523809524, "f1-score": 0.34191176470588236, "support": 315.0}, "Certhia familiaris_Eurasian Treecreeper": {"precision": 0.0, "recall": 0.0, "f1-score": 0.0, "support": 3.0}, "Erithacus rubecula_European Robin": {"precision": 0.3333333333333333, "recall": 0.0017985611510791368, "f1-score": 0.0035778175313059034, "support": 556.0}, "Turdus philomelos_Song Thrush": {"precision": 0.0, "recall": 0.0, "f1-score": 0.0, "support": 0.0}, "Loxia curvirostra_Common Crossbill": {"precision": 0.0, "recall": 0.0, "f1-score": 0.0, "support": 13.0}, "Dendrocopos major_Great Spotted Woodpecker": {"precision": 0.0, "recall": 0.0, "f1-score": 0.0, "support": 0.0}, "Dryocopus martius_Black Woodpecker": {"precision": 0.0, "recall": 0.0, "f1-score": 0.0, "support": 0.0}, "micro avg": {"precision": 0.3417211877201812, "recall": 0.40646513020053876, "f1-score": 0.3712918660287081, "support": 3341.0}, "macro avg": {"precision": 0.13401176933724668, "recall": 0.15040007320394888, "f1-score": 0.1172991144735822, "support": 3341.0}, "weighted avg": {"precision": 0.44079578301474615, "recall": 0.40646513020053876, "f1-score": 0.36229548534778416, "support": 3341.0}, "samples avg": {"precision": 0.29137982639928167, "recall": 0.40646513020053876, "f1-score": 0.32813528883567794, "support": 3341.0}}