{"Aeroplane": {"precision": 0.0, "recall": 0.0, "f1-score": 0.0, "support": 22}, "Muscicapa striata_Spotted Flycatcher": {"precision": 0.23076923076923078, "recall": 0.03468208092485549, "f1-score": 0.06030150753768844, "support": 173}, "Periparus ater_Coal Tit": {"precision": 0.4824561403508772, "recall": 0.2534562211981567, "f1-score": 0.3323262839879154, "support": 217}, "Cuculus canorus_Common Cuckoo": {"precision": 0.0, "recall": 0.0, "f1-score": 0.0, "support": 3}, "Regulus regulus_Goldcrest": {"precision": 0.84, "recall": 0.3088235294117647, "f1-score": 0.4516129032258064, "support": 136}, "Anthus trivialis_Tree Pipit": {"precision": 0.8716577540106952, "recall": 0.8534031413612565, "f1-score": 0.8624338624338624, "support": 191}, "Vegetation": {"precision": 0.17647058823529413, "recall": 0.16666666666666666, "f1-score": 0.17142857142857143, "support": 54}, "Troglodytes troglodytes_Eurasian Wren": {"precision": 0.291044776119403, "recall": 0.3696682464454976, "f1-score": 0.325678496868476, "support": 211}, "Erithacus rubecula_European Robin": {"precision": 0.6689655172413793, "recall": 0.2811594202898551, "f1-score": 0.39591836734693875, "support": 690}, "None": {"precision": 0.8462968701580416, "recall": 0.5831731795857357, "f1-score": 0.6905183312262958, "support": 4683}, "Parus major_Great Tit": {"precision": 0.5813953488372093, "recall": 0.5555555555555556, "f1-score": 0.5681818181818183, "support": 45}, "Certhia familiaris_Eurasian Treecreeper": {"precision": 0.7333333333333333, "recall": 0.4, "f1-score": 0.5176470588235295, "support": 110}, "Phylloscopus collybita_Common Chiffchaff": {"precision": 0.5924006908462867, "recall": 0.5007299270072992, "f1-score": 0.5427215189873417, "support": 685}, "Coccothraustes coccothraustes_Hawfinch": {"precision": 0.0, "recall": 0.0, "f1-score": 0.0, "support": 87}, "Wind": {"precision": 0.10278113663845223, "recall": 0.4381443298969072, "f1-score": 0.16650342801175316, "support": 194}, "Turdus merula_Eurasian Blackbird": {"precision": 0.7384615384615385, "recall": 0.13994169096209913, "f1-score": 0.23529411764705882, "support": 343}, "Loxia curvirostra_Common Crossbill": {"precision": 0.7857142857142857, "recall": 0.3055555555555556, "f1-score": 0.43999999999999995, "support": 36}, "Regulus ignicapilla_Common Firecrest": {"precision": 0.7874306839186691, "recall": 0.7408695652173913, "f1-score": 0.7634408602150539, "support": 575}, "Sylvia atricapilla_Eurasian Blackcap": {"precision": 0.29814385150812067, "recall": 0.514, "f1-score": 0.37738619676945667, "support": 500}, "Lophophanes cristatus_Crested Tit": {"precision": 0.0, "recall": 0.0, "f1-score": 0.0, "support": 23}, "Fringilla coelebs_Common Chaffinch": {"precision": 0.6469907407407407, "recall": 0.7134652201659222, "f1-score": 0.6786039453717754, "support": 1567}, "micro avg": {"precision": 0.6290466622013843, "recall": 0.5343764817449028, "f1-score": 0.5778598164384967, "support": 10545}, "macro avg": {"precision": 0.4606815469944551, "recall": 0.3409187776306914, "f1-score": 0.3609522508601591, "support": 10545}, "weighted avg": {"precision": 0.6970979186909233, "recall": 0.5343764817449028, "f1-score": 0.5848945123641323, "support": 10545}, "samples avg": {"precision": 0.5206592386258124, "recall": 0.5267223769730734, "f1-score": 0.5153187425387982, "support": 10545}}