{"Aeroplane": {"precision": 0.0, "recall": 0.0, "f1-score": 0.0, "support": 22}, "Muscicapa striata_Spotted Flycatcher": {"precision": 0.015151515151515152, "recall": 0.005780346820809248, "f1-score": 0.008368200836820083, "support": 173}, "Periparus ater_Coal Tit": {"precision": 0.6601941747572816, "recall": 0.31336405529953915, "f1-score": 0.42499999999999993, "support": 217}, "Cuculus canorus_Common Cuckoo": {"precision": 0.0, "recall": 0.0, "f1-score": 0.0, "support": 3}, "Regulus regulus_Goldcrest": {"precision": 0.581081081081081, "recall": 0.3161764705882353, "f1-score": 0.4095238095238095, "support": 136}, "Anthus trivialis_Tree Pipit": {"precision": 0.968944099378882, "recall": 0.8167539267015707, "f1-score": 0.8863636363636364, "support": 191}, "Vegetation": {"precision": 0.3142857142857143, "recall": 0.2037037037037037, "f1-score": 0.24719101123595505, "support": 54}, "Troglodytes troglodytes_Eurasian Wren": {"precision": 0.28027681660899656, "recall": 0.38388625592417064, "f1-score": 0.324, "support": 211}, "Erithacus rubecula_European Robin": {"precision": 0.7293577981651376, "recall": 0.23043478260869565, "f1-score": 0.35022026431718056, "support": 690}, "None": {"precision": 0.8549299970211498, "recall": 0.6128550074738416, "f1-score": 0.7139303482587065, "support": 4683}, "Parus major_Great Tit": {"precision": 0.696969696969697, "recall": 0.5111111111111111, "f1-score": 0.5897435897435898, "support": 45}, "Certhia familiaris_Eurasian Treecreeper": {"precision": 0.6504854368932039, "recall": 0.6090909090909091, "f1-score": 0.6291079812206574, "support": 110}, "Phylloscopus collybita_Common Chiffchaff": {"precision": 0.5318181818181819, "recall": 0.3416058394160584, "f1-score": 0.416, "support": 685}, "Coccothraustes coccothraustes_Hawfinch": {"precision": 0.0, "recall": 0.0, "f1-score": 0.0, "support": 87}, "Wind": {"precision": 0.14565217391304347, "recall": 0.34536082474226804, "f1-score": 0.20489296636085627, "support": 194}, "Turdus merula_Eurasian Blackbird": {"precision": 0.6818181818181818, "recall": 0.1749271137026239, "f1-score": 0.27842227378190254, "support": 343}, "Loxia curvirostra_Common Crossbill": {"precision": 0.7692307692307693, "recall": 0.2777777777777778, "f1-score": 0.40816326530612246, "support": 36}, "Regulus ignicapilla_Common Firecrest": {"precision": 0.48318385650224216, "recall": 0.7495652173913043, "f1-score": 0.5875937286980232, "support": 575}, "Sylvia atricapilla_Eurasian Blackcap": {"precision": 0.27552140504939626, "recall": 0.502, "f1-score": 0.3557760453579022, "support": 500}, "Lophophanes cristatus_Crested Tit": {"precision": 0.0, "recall": 0.0, "f1-score": 0.0, "support": 23}, "Fringilla coelebs_Common Chaffinch": {"precision": 0.6426193118756937, "recall": 0.7389917038927888, "f1-score": 0.6874443455031167, "support": 1567}, "micro avg": {"precision": 0.6258937410625893, "recall": 0.5395922238027501, "f1-score": 0.579547769403137, "support": 10545}, "macro avg": {"precision": 0.4419771528819127, "recall": 0.33968500220216225, "f1-score": 0.3581781650718228, "support": 10545}, "weighted avg": {"precision": 0.6801880918157392, "recall": 0.5395922238027501, "f1-score": 0.5793253207923407, "support": 10545}, "samples avg": {"precision": 0.5328226555246054, "recall": 0.5366388115134634, "f1-score": 0.5267611089003845, "support": 10545}}