{"Aeroplane": {"precision": 0.0, "recall": 0.0, "f1-score": 0.0, "support": 22}, "Muscicapa striata_Spotted Flycatcher": {"precision": 0.08163265306122448, "recall": 0.023121387283236993, "f1-score": 0.03603603603603603, "support": 173}, "Periparus ater_Coal Tit": {"precision": 0.5432098765432098, "recall": 0.20276497695852536, "f1-score": 0.2953020134228188, "support": 217}, "Cuculus canorus_Common Cuckoo": {"precision": 0.0, "recall": 0.0, "f1-score": 0.0, "support": 3}, "Regulus regulus_Goldcrest": {"precision": 0.6721311475409836, "recall": 0.3014705882352941, "f1-score": 0.41624365482233505, "support": 136}, "Anthus trivialis_Tree Pipit": {"precision": 0.9244186046511628, "recall": 0.8324607329842932, "f1-score": 0.8760330578512395, "support": 191}, "Vegetation": {"precision": 0.29411764705882354, "recall": 0.18518518518518517, "f1-score": 0.22727272727272727, "support": 54}, "Troglodytes troglodytes_Eurasian Wren": {"precision": 0.25958702064896755, "recall": 0.41706161137440756, "f1-score": 0.31999999999999995, "support": 211}, "Erithacus rubecula_European Robin": {"precision": 0.678714859437751, "recall": 0.24492753623188407, "f1-score": 0.3599574014909478, "support": 690}, "None": {"precision": 0.8463611859838275, "recall": 0.6034593209481102, "f1-score": 0.7045624532535527, "support": 4683}, "Parus major_Great Tit": {"precision": 0.6363636363636364, "recall": 0.4666666666666667, "f1-score": 0.5384615384615385, "support": 45}, "Certhia familiaris_Eurasian Treecreeper": {"precision": 0.6635514018691588, "recall": 0.6454545454545455, "f1-score": 0.6543778801843319, "support": 110}, "Phylloscopus collybita_Common Chiffchaff": {"precision": 0.5264150943396226, "recall": 0.4072992700729927, "f1-score": 0.45925925925925926, "support": 685}, "Coccothraustes coccothraustes_Hawfinch": {"precision": 0.0, "recall": 0.0, "f1-score": 0.0, "support": 87}, "Wind": {"precision": 0.1056701030927835, "recall": 0.211340206185567, "f1-score": 0.140893470790378, "support": 194}, "Turdus merula_Eurasian Blackbird": {"precision": 0.7678571428571429, "recall": 0.12536443148688048, "f1-score": 0.2155388471177945, "support": 343}, "Loxia curvirostra_Common Crossbill": {"precision": 0.5454545454545454, "recall": 0.3333333333333333, "f1-score": 0.41379310344827586, "support": 36}, "Regulus ignicapilla_Common Firecrest": {"precision": 0.8283018867924529, "recall": 0.7634782608695653, "f1-score": 0.7945701357466064, "support": 575}, "Sylvia atricapilla_Eurasian Blackcap": {"precision": 0.2178294573643411, "recall": 0.562, "f1-score": 0.3139664804469274, "support": 500}, "Lophophanes cristatus_Crested Tit": {"precision": 0.0, "recall": 0.0, "f1-score": 0.0, "support": 23}, "Fringilla coelebs_Common Chaffinch": {"precision": 0.5275590551181102, "recall": 0.8123803446075303, "f1-score": 0.6396984924623116, "support": 1567}, "micro avg": {"precision": 0.5966265555898386, "recall": 0.5501185395922238, "f1-score": 0.5724294454312217, "support": 10545}, "macro avg": {"precision": 0.4342464437227496, "recall": 0.33989373323228655, "f1-score": 0.3526650739079562, "support": 10545}, "weighted avg": {"precision": 0.6714136327240136, "recall": 0.5501185395922238, "f1-score": 0.5751644162512086, "support": 10545}, "samples avg": {"precision": 0.5255710306406685, "recall": 0.5400742804085423, "f1-score": 0.5236402705929167, "support": 10545}}