{"Regulus ignicapilla_Common Firecrest": {"precision": 0.6059113300492611, "recall": 0.14945321992709598, "f1-score": 0.23976608187134502, "support": 823.0}, "Sylvia atricapilla_Eurasian Blackcap": {"precision": 0.5534591194968553, "recall": 0.18269896193771626, "f1-score": 0.27471383975026015, "support": 1445.0}, "Fringilla coelebs_Common Chaffinch": {"precision": 0.7464607464607464, "recall": 0.2146558105107328, "f1-score": 0.3334291463064099, "support": 2702.0}, "Troglodytes troglodytes_Eurasian Wren": {"precision": 0.35714285714285715, "recall": 0.06711409395973154, "f1-score": 0.11299435028248588, "support": 149.0}, "Muscicapa striata_Spotted Flycatcher": {"precision": 1.0, "recall": 0.07547169811320754, "f1-score": 0.14035087719298245, "support": 159.0}, "Glaucidium passerinum_Eurasian Pygmy-Owl": {"precision": 0.007535584705554005, "recall": 1.0, "f1-score": 0.014958448753462604, "support": 27.0}, "Pyrrhula pyrrhula_Eurasian Bullfinch": {"precision": 0.0, "recall": 0.0, "f1-score": 0.0, "support": 31.0}, "Periparus ater_Coal Tit": {"precision": 0.0, "recall": 0.0, "f1-score": 0.0, "support": 151.0}, "Lophophanes cristatus_Crested Tit": {"precision": 0.0, "recall": 0.0, "f1-score": 0.0, "support": 43.0}, "Regulus regulus_Goldcrest": {"precision": 0.10661764705882353, "recall": 0.20422535211267606, "f1-score": 0.14009661835748793, "support": 142.0}, "Turdus merula_Eurasian Blackbird": {"precision": 0.01481980464802964, "recall": 0.9565217391304348, "f1-score": 0.029187396351575457, "support": 46.0}, "Certhia familiaris_Eurasian Treecreeper": {"precision": 0.0, "recall": 0.0, "f1-score": 0.0, "support": 76.0}, "Erithacus rubecula_European Robin": {"precision": 0.0, "recall": 0.0, "f1-score": 0.0, "support": 194.0}, "Turdus philomelos_Song Thrush": {"precision": 0.22206506364922207, "recall": 0.35044642857142855, "f1-score": 0.27186147186147186, "support": 448.0}, "Loxia curvirostra_Common Crossbill": {"precision": 0.0, "recall": 0.0, "f1-score": 0.0, "support": 60.0}, "Dendrocopos major_Great Spotted Woodpecker": {"precision": 0.75, "recall": 0.2222222222222222, "f1-score": 0.34285714285714286, "support": 27.0}, "Dryocopus martius_Black Woodpecker": {"precision": 0.0, "recall": 0.0, "f1-score": 0.0, "support": 24.0}, "micro avg": {"precision": 0.13829669722743843, "recall": 0.19123262563005958, "f1-score": 0.1605128205128205, "support": 6547.0}, "macro avg": {"precision": 0.2567065972477265, "recall": 0.20134173685207327, "f1-score": 0.11177737491674258, "support": 6547.0}, "weighted avg": {"precision": 0.5595424929208468, "recall": 0.19123262563005958, "f1-score": 0.2576840973287458, "support": 6547.0}, "samples avg": {"precision": 0.10844983733403674, "recall": 0.1730853776488174, "f1-score": 0.12483911352283812, "support": 6547.0}}