{"Wind": {"precision": 0.0985576923076923, "recall": 0.7256637168141593, "f1-score": 0.17354497354497356, "support": 113.0}, "Regulus ignicapilla_Common Firecrest": {"precision": 0.312157721796276, "recall": 0.3442028985507246, "f1-score": 0.3273980470993682, "support": 828.0}, "Sylvia atricapilla_Eurasian Blackcap": {"precision": 0.6185897435897436, "recall": 0.1334716459197787, "f1-score": 0.21956769055745165, "support": 1446.0}, "Fringilla coelebs_Common Chaffinch": {"precision": 0.1975937066173068, "recall": 0.1571008094186902, "f1-score": 0.1750358680057389, "support": 2718.0}, "Troglodytes troglodytes_Eurasian Wren": {"precision": 0.16071428571428573, "recall": 0.06040268456375839, "f1-score": 0.08780487804878048, "support": 149.0}, "Muscicapa striata_Spotted Flycatcher": {"precision": 0.8536585365853658, "recall": 0.22012578616352202, "f1-score": 0.35, "support": 159.0}, "Glaucidium passerinum_Eurasian Pygmy-Owl": {"precision": 0.0, "recall": 0.0, "f1-score": 0.0, "support": 27.0}, "Pyrrhula pyrrhula_Eurasian Bullfinch": {"precision": 1.0, "recall": 0.03225806451612903, "f1-score": 0.0625, "support": 31.0}, "Pecking": {"precision": 0.007621951219512195, "recall": 0.20833333333333334, "f1-score": 0.014705882352941176, "support": 24.0}, "Periparus ater_Coal Tit": {"precision": 0.026200873362445413, "recall": 0.039735099337748346, "f1-score": 0.031578947368421054, "support": 151.0}, "Lophophanes cristatus_Crested Tit": {"precision": 0.0, "recall": 0.0, "f1-score": 0.0, "support": 43.0}, "Regulus regulus_Goldcrest": {"precision": 0.18, "recall": 0.11764705882352941, "f1-score": 0.1422924901185771, "support": 153.0}, "Vegetation": {"precision": 0.07859078590785908, "recall": 0.4915254237288136, "f1-score": 0.13551401869158877, "support": 59.0}, "Rain": {"precision": 0.026057030481809244, "recall": 0.8548387096774194, "f1-score": 0.05057251908396947, "support": 62.0}, "Turdus merula_Eurasian Blackbird": {"precision": 0.02399520095980804, "recall": 0.8695652173913043, "f1-score": 0.046701692936368944, "support": 46.0}, "Certhia familiaris_Eurasian Treecreeper": {"precision": 0.4117647058823529, "recall": 0.08974358974358974, "f1-score": 0.14736842105263157, "support": 78.0}, "Erithacus rubecula_European Robin": {"precision": 0.007042253521126761, "recall": 0.005154639175257732, "f1-score": 0.005952380952380952, "support": 194.0}, "Turdus philomelos_Song Thrush": {"precision": 0.1444866920152091, "recall": 0.33480176211453744, "f1-score": 0.20185922974767595, "support": 454.0}, "Loxia curvirostra_Common Crossbill": {"precision": 0.004454342984409799, "recall": 0.06153846153846154, "f1-score": 0.008307372793354102, "support": 65.0}, "Dendrocopos major_Great Spotted Woodpecker": {"precision": 0.11214953271028037, "recall": 0.4444444444444444, "f1-score": 0.1791044776119403, "support": 27.0}, "Dryocopus martius_Black Woodpecker": {"precision": 0.0, "recall": 0.0, "f1-score": 0.0, "support": 24.0}, "None": {"precision": 0.07328605200945626, "recall": 0.005329207495272477, "f1-score": 0.009935897435897435, "support": 5817.0}, "micro avg": {"precision": 0.11541974591048743, "recall": 0.10972529207451848, "f1-score": 0.11250050584759824, "support": 12668.0}, "macro avg": {"precision": 0.19713277762113357, "recall": 0.23617647967047609, "f1-score": 0.10771567215463908, "support": 12668.0}, "weighted avg": {"precision": 0.1941554293831528, "recall": 0.10972529207451848, "f1-score": 0.10753447115299539, "support": 12668.0}, "samples avg": {"precision": 0.06795873603399823, "recall": 0.07260950030845156, "f1-score": 0.06513452731836446, "support": 12668.0}}