{"Aeroplane": {"precision": 0.0, "recall": 0.0, "f1-score": 0.0, "support": 22}, "Muscicapa striata_Spotted Flycatcher": {"precision": 0.045454545454545456, "recall": 0.005780346820809248, "f1-score": 0.010256410256410256, "support": 173}, "Periparus ater_Coal Tit": {"precision": 0.83, "recall": 0.3824884792626728, "f1-score": 0.5236593059936909, "support": 217}, "Cuculus canorus_Common Cuckoo": {"precision": 0.0, "recall": 0.0, "f1-score": 0.0, "support": 3}, "Regulus regulus_Goldcrest": {"precision": 0.7454545454545455, "recall": 0.3014705882352941, "f1-score": 0.4293193717277487, "support": 136}, "Anthus trivialis_Tree Pipit": {"precision": 0.9127906976744186, "recall": 0.8219895287958116, "f1-score": 0.8650137741046832, "support": 191}, "Vegetation": {"precision": 0.25, "recall": 0.18518518518518517, "f1-score": 0.2127659574468085, "support": 54}, "Troglodytes troglodytes_Eurasian Wren": {"precision": 0.41304347826086957, "recall": 0.36018957345971564, "f1-score": 0.3848101265822785, "support": 211}, "Erithacus rubecula_European Robin": {"precision": 0.7391304347826086, "recall": 0.2710144927536232, "f1-score": 0.3966065747613998, "support": 690}, "None": {"precision": 0.8582342954159593, "recall": 0.6476617552850736, "f1-score": 0.7382256297918948, "support": 4683}, "Parus major_Great Tit": {"precision": 0.696969696969697, "recall": 0.5111111111111111, "f1-score": 0.5897435897435898, "support": 45}, "Certhia familiaris_Eurasian Treecreeper": {"precision": 0.7272727272727273, "recall": 0.6545454545454545, "f1-score": 0.6889952153110048, "support": 110}, "Phylloscopus collybita_Common Chiffchaff": {"precision": 0.5892857142857143, "recall": 0.3372262773722628, "f1-score": 0.42896935933147634, "support": 685}, "Coccothraustes coccothraustes_Hawfinch": {"precision": 0.0, "recall": 0.0, "f1-score": 0.0, "support": 87}, "Wind": {"precision": 0.026143790849673203, "recall": 0.020618556701030927, "f1-score": 0.023054755043227668, "support": 194}, "Turdus merula_Eurasian Blackbird": {"precision": 0.7088607594936709, "recall": 0.16326530612244897, "f1-score": 0.26540284360189575, "support": 343}, "Loxia curvirostra_Common Crossbill": {"precision": 0.7692307692307693, "recall": 0.2777777777777778, "f1-score": 0.40816326530612246, "support": 36}, "Regulus ignicapilla_Common Firecrest": {"precision": 0.8695652173913043, "recall": 0.7652173913043478, "f1-score": 0.8140610545790935, "support": 575}, "Sylvia atricapilla_Eurasian Blackcap": {"precision": 0.32956152758132956, "recall": 0.466, "f1-score": 0.3860811930405965, "support": 500}, "Lophophanes cristatus_Crested Tit": {"precision": 0.0, "recall": 0.0, "f1-score": 0.0, "support": 23}, "Fringilla coelebs_Common Chaffinch": {"precision": 0.6973275326289621, "recall": 0.7160178685386088, "f1-score": 0.7065491183879093, "support": 1567}, "micro avg": {"precision": 0.7245486459378134, "recall": 0.5480322427690849, "f1-score": 0.6240483775174126, "support": 10545}, "macro avg": {"precision": 0.4861107491784189, "recall": 0.32797903301291564, "f1-score": 0.374841787857611, "support": 10545}, "weighted avg": {"precision": 0.7246925233608651, "recall": 0.5480322427690849, "f1-score": 0.6104435036759105, "support": 10545}, "samples avg": {"precision": 0.5487558031569173, "recall": 0.5467223769730734, "f1-score": 0.5402806738294205, "support": 10545}}