{"Regulus ignicapilla_Common Firecrest": {"precision": 0.5714285714285714, "recall": 0.21385176184690158, "f1-score": 0.3112290008841733, "support": 823.0}, "Sylvia atricapilla_Eurasian Blackcap": {"precision": 0.0, "recall": 0.0, "f1-score": 0.0, "support": 1445.0}, "Fringilla coelebs_Common Chaffinch": {"precision": 0.7240566037735849, "recall": 0.22723908216136196, "f1-score": 0.3459154929577465, "support": 2702.0}, "Troglodytes troglodytes_Eurasian Wren": {"precision": 0.29411764705882354, "recall": 0.10067114093959731, "f1-score": 0.15, "support": 149.0}, "Muscicapa striata_Spotted Flycatcher": {"precision": 1.0, "recall": 0.18238993710691823, "f1-score": 0.30851063829787234, "support": 159.0}, "Glaucidium passerinum_Eurasian Pygmy-Owl": {"precision": 0.0, "recall": 0.0, "f1-score": 0.0, "support": 27.0}, "Pyrrhula pyrrhula_Eurasian Bullfinch": {"precision": 0.0, "recall": 0.0, "f1-score": 0.0, "support": 31.0}, "Periparus ater_Coal Tit": {"precision": 0.0, "recall": 0.0, "f1-score": 0.0, "support": 151.0}, "Lophophanes cristatus_Crested Tit": {"precision": 0.0, "recall": 0.0, "f1-score": 0.0, "support": 43.0}, "Regulus regulus_Goldcrest": {"precision": 0.09743589743589744, "recall": 0.13380281690140844, "f1-score": 0.11275964391691394, "support": 142.0}, "Turdus merula_Eurasian Blackbird": {"precision": 0.015212981744421906, "recall": 0.9782608695652174, "f1-score": 0.02996005326231691, "support": 46.0}, "Certhia familiaris_Eurasian Treecreeper": {"precision": 0.0, "recall": 0.0, "f1-score": 0.0, "support": 76.0}, "Erithacus rubecula_European Robin": {"precision": 0.0, "recall": 0.0, "f1-score": 0.0, "support": 194.0}, "Turdus philomelos_Song Thrush": {"precision": 0.2401129943502825, "recall": 0.3794642857142857, "f1-score": 0.29411764705882354, "support": 448.0}, "Loxia curvirostra_Common Crossbill": {"precision": 0.0, "recall": 0.0, "f1-score": 0.0, "support": 60.0}, "Dendrocopos major_Great Spotted Woodpecker": {"precision": 0.6666666666666666, "recall": 0.07407407407407407, "f1-score": 0.13333333333333333, "support": 27.0}, "Dryocopus martius_Black Woodpecker": {"precision": 0.0, "recall": 0.0, "f1-score": 0.0, "support": 24.0}, "micro avg": {"precision": 0.20935237722559186, "recall": 0.1634336337253704, "f1-score": 0.18356493395093498, "support": 6547.0}, "macro avg": {"precision": 0.212295962497544, "recall": 0.1346914099005744, "f1-score": 0.09916622410065763, "support": 6547.0}, "weighted avg": {"precision": 0.42303597115606734, "recall": 0.1634336337253704, "f1-score": 0.21612388253512885, "support": 6547.0}, "samples avg": {"precision": 0.1315484041150092, "recall": 0.1455288841994197, "f1-score": 0.12803569858436648, "support": 6547.0}}