Metric,Value
mAP (sample-wise),0.5096784308296359
cmAP (class-wise),0.18537658636559384
F0.5 Score,0.11451840811400442
