Metric,Value
mAP (sample-wise),0.2651889805144061
cmAP (class-wise),0.14810767785494552
F0.5 Score,0.12330942214428237
