Metric,Value
mAP (sample-wise),0.7071431157337312
cmAP (class-wise),0.3662083526904246
F0.5 Score,0.3907270789941775
