{"Aeroplane": {"precision": 0.0, "recall": 0.0, "f1-score": 0.0, "support": 22.0}, "Muscicapa striata_Spotted Flycatcher": {"precision": 0.0196078431372549, "recall": 0.009259259259259259, "f1-score": 0.012578616352201259, "support": 108.0}, "Periparus ater_Coal Tit": {"precision": 0.0, "recall": 0.0, "f1-score": 0.0, "support": 28.0}, "Regulus regulus_Goldcrest": {"precision": 0.39285714285714285, "recall": 0.4782608695652174, "f1-score": 0.43137254901960786, "support": 23.0}, "Rain": {"precision": 0.6842105263157895, "recall": 0.40625, "f1-score": 0.5098039215686274, "support": 32.0}, "Vegetation": {"precision": 0.16666666666666666, "recall": 0.02564102564102564, "f1-score": 0.044444444444444446, "support": 39.0}, "Troglodytes troglodytes_Eurasian Wren": {"precision": 0.32407407407407407, "recall": 0.3153153153153153, "f1-score": 0.319634703196347, "support": 111.0}, "Erithacus rubecula_European Robin": {"precision": 0.3, "recall": 0.00539568345323741, "f1-score": 0.01060070671378092, "support": 556.0}, "Dryocopus martius_Black Woodpecker": {"precision": 0.0, "recall": 0.0, "f1-score": 0.0, "support": 21.0}, "None": {"precision": 0.8664140217906205, "recall": 0.7454656613001834, "f1-score": 0.8014021250958484, "support": 4907.0}, "Certhia familiaris_Eurasian Treecreeper": {"precision": 0.0, "recall": 0.0, "f1-score": 0.0, "support": 3.0}, "Phylloscopus collybita_Common Chiffchaff": {"precision": 0.44745762711864406, "recall": 0.5875370919881305, "f1-score": 0.5080179602309173, "support": 674.0}, "Wind": {"precision": 0.1870748299319728, "recall": 0.291005291005291, "f1-score": 0.2277432712215321, "support": 189.0}, "Turdus merula_Eurasian Blackbird": {"precision": 0.5, "recall": 0.08571428571428572, "f1-score": 0.14634146341463414, "support": 315.0}, "Loxia curvirostra_Common Crossbill": {"precision": 0.0, "recall": 0.0, "f1-score": 0.0, "support": 52.0}, "Regulus ignicapilla_Common Firecrest": {"precision": 0.9245283018867925, "recall": 0.4117647058823529, "f1-score": 0.5697674418604651, "support": 238.0}, "Pecking": {"precision": 0.4117647058823529, "recall": 0.875, "f1-score": 0.56, "support": 8.0}, "Dendrocopos major_Great Spotted Woodpecker": {"precision": 0.0, "recall": 0.0, "f1-score": 0.0, "support": 25.0}, "Sylvia atricapilla_Eurasian Blackcap": {"precision": 0.16873065015479877, "recall": 0.6526946107784432, "f1-score": 0.26814268142681424, "support": 501.0}, "Lophophanes cristatus_Crested Tit": {"precision": 0.0, "recall": 0.0, "f1-score": 0.0, "support": 14.0}, "Fringilla coelebs_Common Chaffinch": {"precision": 0.6830143540669856, "recall": 0.5248161764705882, "f1-score": 0.5935550935550935, "support": 1088.0}, "Turdus philomelos_Song Thrush": {"precision": 0.125, "recall": 0.017241379310344827, "f1-score": 0.030303030303030304, "support": 58.0}, "micro avg": {"precision": 0.5959688502061383, "recall": 0.5774522858411008, "f1-score": 0.5865644724977457, "support": 9012.0}, "macro avg": {"precision": 0.28188185199468613, "recall": 0.24688006162198525, "f1-score": 0.2288049094728793, "support": 9012.0}, "weighted avg": {"precision": 0.6709379755125497, "recall": 0.5774522858411008, "f1-score": 0.5943958707706682, "support": 9012.0}, "samples avg": {"precision": 0.5613657777231575, "recall": 0.5955614272254312, "f1-score": 0.5682736705349463, "support": 9012.0}}