{"Wind": {"precision": 0.14772727272727273, "recall": 0.14285714285714285, "f1-score": 0.1452513966480447, "support": 182.0}, "Regulus ignicapilla_Common Firecrest": {"precision": 0.08620689655172414, "recall": 0.18292682926829268, "f1-score": 0.1171875, "support": 82.0}, "Sylvia atricapilla_Eurasian Blackcap": {"precision": 0.1249500998003992, "recall": 0.7382075471698113, "f1-score": 0.21372482075793786, "support": 424.0}, "Fringilla coelebs_Common Chaffinch": {"precision": 0.6763485477178424, "recall": 0.6110590440487348, "f1-score": 0.6420482520925652, "support": 1067.0}, "Troglodytes troglodytes_Eurasian Wren": {"precision": 0.1437908496732026, "recall": 0.30985915492957744, "f1-score": 0.19642857142857142, "support": 71.0}, "Muscicapa striata_Spotted Flycatcher": {"precision": 0.09523809523809523, "recall": 0.031746031746031744, "f1-score": 0.047619047619047616, "support": 63.0}, "Phylloscopus collybita_Common Chiffchaff": {"precision": 0.261373035566584, "recall": 0.6396761133603239, "f1-score": 0.37110980622431006, "support": 494.0}, "Turdus viscivorus_Mistle Thrush": {"precision": 0.0, "recall": 0.0, "f1-score": 0.0, "support": 0.0}, "Glaucidium passerinum_Eurasian Pygmy-Owl": {"precision": 0.0, "recall": 0.0, "f1-score": 0.0, "support": 0.0}, "Pyrrhula pyrrhula_Eurasian Bullfinch": {"precision": 0.0, "recall": 0.0, "f1-score": 0.0, "support": 0.0}, "Pecking": {"precision": 0.0, "recall": 0.0, "f1-score": 0.0, "support": 0.0}, "Periparus ater_Coal Tit": {"precision": 0.0, "recall": 0.0, "f1-score": 0.0, "support": 8.0}, "Prunella modularis_Dunnock": {"precision": 0.0, "recall": 0.0, "f1-score": 0.0, "support": 0.0}, "Lophophanes cristatus_Crested Tit": {"precision": 0.0, "recall": 0.0, "f1-score": 0.0, "support": 13.0}, "Regulus regulus_Goldcrest": {"precision": 0.0, "recall": 0.0, "f1-score": 0.0, "support": 1.0}, "Insect": {"precision": 0.0, "recall": 0.0, "f1-score": 0.0, "support": 0.0}, "Aeroplane": {"precision": 0.0, "recall": 0.0, "f1-score": 0.0, "support": 6.0}, "Vegetation": {"precision": 0.0, "recall": 0.0, "f1-score": 0.0, "support": 37.0}, "Rain": {"precision": 0.0, "recall": 0.0, "f1-score": 0.0, "support": 0.0}, "Turdus merula_Eurasian Blackbird": {"precision": 0.2549019607843137, "recall": 0.05241935483870968, "f1-score": 0.08695652173913043, "support": 248.0}, "Certhia familiaris_Eurasian Treecreeper": {"precision": 0.0, "recall": 0.0, "f1-score": 0.0, "support": 0.0}, "Erithacus rubecula_European Robin": {"precision": 0.4166666666666667, "recall": 0.04437869822485207, "f1-score": 0.08021390374331551, "support": 338.0}, "Turdus philomelos_Song Thrush": {"precision": 0.0, "recall": 0.0, "f1-score": 0.0, "support": 0.0}, "Bat": {"precision": 0.0, "recall": 0.0, "f1-score": 0.0, "support": 0.0}, "Loxia curvirostra_Common Crossbill": {"precision": 0.0, "recall": 0.0, "f1-score": 0.0, "support": 0.0}, "Dendrocopos major_Great Spotted Woodpecker": {"precision": 0.0, "recall": 0.0, "f1-score": 0.0, "support": 0.0}, "Dryocopus martius_Black Woodpecker": {"precision": 0.0, "recall": 0.0, "f1-score": 0.0, "support": 0.0}, "Phylloscopus trochilus_Willow Warbler": {"precision": 0.0, "recall": 0.0, "f1-score": 0.0, "support": 0.0}, "Spinus spinus_Eurasian Siskin": {"precision": 0.0, "recall": 0.0, "f1-score": 0.0, "support": 0.0}, "Poecile palustris_Marsh Tit": {"precision": 0.0, "recall": 0.0, "f1-score": 0.0, "support": 0.0}, "unknown": {"precision": 0.0, "recall": 0.0, "f1-score": 0.0, "support": 0.0}, "None": {"precision": 0.9079701834862385, "recall": 0.6454045241491746, "f1-score": 0.7544967242406194, "support": 4907.0}, "micro avg": {"precision": 0.49720792729661667, "recall": 0.5718423372371237, "f1-score": 0.5319198781773457, "support": 7941.0}, "macro avg": {"precision": 0.0973491752566356, "recall": 0.10620420126852034, "f1-score": 0.0829698920154232, "support": 7941.0}, "weighted avg": {"precision": 0.7068863130280086, "recall": 0.5718423372371237, "f1-score": 0.5997982059848356, "support": 7941.0}, "samples avg": {"precision": 0.4910044914578349, "recall": 0.5718423372371237, "f1-score": 0.5160727028501868, "support": 7941.0}}