{"Wind": {"precision": 0.23746701846965698, "recall": 0.8035714285714286, "f1-score": 0.3665987780040733, "support": 112.0}, "Regulus ignicapilla_Common Firecrest": {"precision": 0.42565597667638483, "recall": 0.9240506329113924, "f1-score": 0.5828343313373253, "support": 790.0}, "Sylvia atricapilla_Eurasian Blackcap": {"precision": 0.773356401384083, "recall": 0.9331941544885177, "f1-score": 0.8457899716177862, "support": 1437.0}, "Fringilla coelebs_Common Chaffinch": {"precision": 0.5251453121051302, "recall": 0.7883156297420334, "f1-score": 0.6303655392082512, "support": 2636.0}, "Troglodytes troglodytes_Eurasian Wren": {"precision": 0.2932098765432099, "recall": 0.6690140845070423, "f1-score": 0.40772532188841204, "support": 142.0}, "Muscicapa striata_Spotted Flycatcher": {"precision": 0.9054054054054054, "recall": 0.8701298701298701, "f1-score": 0.8874172185430463, "support": 154.0}, "Phylloscopus collybita_Common Chiffchaff": {"precision": 0.7248603351955307, "recall": 0.9810964083175804, "f1-score": 0.8337349397590361, "support": 529.0}, "Turdus viscivorus_Mistle Thrush": {"precision": 0.5491803278688525, "recall": 0.9178082191780822, "f1-score": 0.6871794871794872, "support": 73.0}, "Glaucidium passerinum_Eurasian Pygmy-Owl": {"precision": 0.5897435897435898, "recall": 1.0, "f1-score": 0.7419354838709677, "support": 23.0}, "Pyrrhula pyrrhula_Eurasian Bullfinch": {"precision": 0.6666666666666666, "recall": 0.6666666666666666, "f1-score": 0.6666666666666666, "support": 3.0}, "Pecking": {"precision": 0.030263157894736843, "recall": 0.9583333333333334, "f1-score": 0.058673469387755105, "support": 24.0}, "Periparus ater_Coal Tit": {"precision": 0.2835820895522388, "recall": 0.2753623188405797, "f1-score": 0.27941176470588236, "support": 138.0}, "Prunella modularis_Dunnock": {"precision": 1.0, "recall": 1.0, "f1-score": 1.0, "support": 1.0}, "Lophophanes cristatus_Crested Tit": {"precision": 0.6896551724137931, "recall": 0.46511627906976744, "f1-score": 0.5555555555555556, "support": 43.0}, "Regulus regulus_Goldcrest": {"precision": 0.6595744680851063, "recall": 0.4305555555555556, "f1-score": 0.5210084033613446, "support": 144.0}, "Insect": {"precision": 0.0, "recall": 0.0, "f1-score": 0.0, "support": 0.0}, "Aeroplane": {"precision": 0.8181818181818182, "recall": 0.9, "f1-score": 0.8571428571428571, "support": 10.0}, "Vegetation": {"precision": 0.1607843137254902, "recall": 0.7192982456140351, "f1-score": 0.26282051282051283, "support": 57.0}, "Rain": {"precision": 0.8431372549019608, "recall": 0.7413793103448276, "f1-score": 0.7889908256880734, "support": 58.0}, "Turdus merula_Eurasian Blackbird": {"precision": 0.8043478260869565, "recall": 0.8043478260869565, "f1-score": 0.8043478260869565, "support": 46.0}, "Certhia familiaris_Eurasian Treecreeper": {"precision": 0.4020618556701031, "recall": 0.6724137931034483, "f1-score": 0.5032258064516129, "support": 58.0}, "Erithacus rubecula_European Robin": {"precision": 0.2509090909090909, "recall": 0.7582417582417582, "f1-score": 0.3770491803278688, "support": 182.0}, "Turdus philomelos_Song Thrush": {"precision": 0.25, "recall": 0.8466981132075472, "f1-score": 0.3860215053763441, "support": 424.0}, "Bat": {"precision": 0.0, "recall": 0.0, "f1-score": 0.0, "support": 0.0}, "Loxia curvirostra_Common Crossbill": {"precision": 0.08641975308641975, "recall": 0.5833333333333334, "f1-score": 0.15053763440860216, "support": 60.0}, "Dendrocopos major_Great Spotted Woodpecker": {"precision": 0.3076923076923077, "recall": 0.32432432432432434, "f1-score": 0.3157894736842105, "support": 37.0}, "Dryocopus martius_Black Woodpecker": {"precision": 0.0, "recall": 0.0, "f1-score": 0.0, "support": 24.0}, "Phylloscopus trochilus_Willow Warbler": {"precision": 0.0, "recall": 0.0, "f1-score": 0.0, "support": 0.0}, "Spinus spinus_Eurasian Siskin": {"precision": 0.2222222222222222, "recall": 1.0, "f1-score": 0.36363636363636365, "support": 6.0}, "Poecile palustris_Marsh Tit": {"precision": 0.0, "recall": 0.0, "f1-score": 0.0, "support": 0.0}, "unknown": {"precision": 0.0, "recall": 0.0, "f1-score": 0.0, "support": 0.0}, "None": {"precision": 0.32142857142857145, "recall": 0.021442185514612452, "f1-score": 0.04020250148898154, "support": 6296.0}, "micro avg": {"precision": 0.45024820330443804, "recall": 0.4499148589620197, "f1-score": 0.450081469411939, "support": 13507.0}, "macro avg": {"precision": 0.4006547128721665, "recall": 0.5954591709713342, "f1-score": 0.43483316931868665, "support": 13507.0}, "weighted avg": {"precision": 0.44154733282486747, "recall": 0.4499148589620197, "f1-score": 0.36033662087292223, "support": 13507.0}, "samples avg": {"precision": 0.26496753353769076, "recall": 0.28277794258215494, "f1-score": 0.26876580356259977, "support": 13507.0}}