Metric,Value
mAP (sample-wise),0.6885814286946904
cmAP (class-wise),0.17337048049563003
F0.5 Score,0.08499213500202256
