Metric,Value
mAP (sample-wise),0.6952704046892231
cmAP (class-wise),0.2337300472260029
F0.5 Score,0.23934022504243782
