{"Aeroplane": {"precision": 0.0, "recall": 0.0, "f1-score": 0.0, "support": 22}, "Anthus trivialis_Tree Pipit": {"precision": 0.7017543859649122, "recall": 0.75, "f1-score": 0.7250755287009063, "support": 160}, "Certhia familiaris_Eurasian Treecreeper": {"precision": 0.36363636363636365, "recall": 0.13043478260869565, "f1-score": 0.19199999999999998, "support": 92}, "Coccothraustes coccothraustes_Hawfinch": {"precision": 0.8333333333333334, "recall": 0.11494252873563218, "f1-score": 0.20202020202020202, "support": 87}, "Cuculus canorus_Common Cuckoo": {"precision": 0.0, "recall": 0.0, "f1-score": 0.0, "support": 3}, "Erithacus rubecula_European Robin": {"precision": 0.5006337135614702, "recall": 0.710431654676259, "f1-score": 0.587360594795539, "support": 556}, "Fringilla coelebs_Common Chaffinch": {"precision": 0.5184456468273487, "recall": 0.7693430656934307, "f1-score": 0.6194534234498972, "support": 1370}, "Lophophanes cristatus_Crested Tit": {"precision": 0.0, "recall": 0.0, "f1-score": 0.0, "support": 23}, "Loxia curvirostra_Common Crossbill": {"precision": 0.4090909090909091, "recall": 0.25, "f1-score": 0.31034482758620685, "support": 36}, "Muscicapa striata_Spotted Flycatcher": {"precision": 0.0, "recall": 0.0, "f1-score": 0.0, "support": 173}, "None": {"precision": 0.7679491583648231, "recall": 0.9547298740123852, "f1-score": 0.8512137077582104, "support": 4683}, "Parus major_Great Tit": {"precision": 0.0, "recall": 0.0, "f1-score": 0.0, "support": 14}, "Periparus ater_Coal Tit": {"precision": 0.8193548387096774, "recall": 0.5990566037735849, "f1-score": 0.6920980926430518, "support": 212}, "Phylloscopus collybita_Common Chiffchaff": {"precision": 0.6859688195991092, "recall": 0.456973293768546, "f1-score": 0.5485307212822796, "support": 674}, "Regulus ignicapilla_Common Firecrest": {"precision": 0.6464088397790055, "recall": 0.40695652173913044, "f1-score": 0.4994663820704376, "support": 575}, "Regulus regulus_Goldcrest": {"precision": 0.13861386138613863, "recall": 0.10294117647058823, "f1-score": 0.11814345991561181, "support": 136}, "Sylvia atricapilla_Eurasian Blackcap": {"precision": 0.5876777251184834, "recall": 0.2515212981744422, "f1-score": 0.35227272727272724, "support": 493}, "Troglodytes troglodytes_Eurasian Wren": {"precision": 1.0, "recall": 0.019230769230769232, "f1-score": 0.03773584905660378, "support": 208}, "Turdus merula_Eurasian Blackbird": {"precision": 0.4470588235294118, "recall": 0.12063492063492064, "f1-score": 0.19000000000000003, "support": 315}, "Vegetation": {"precision": 0.0, "recall": 0.0, "f1-score": 0.0, "support": 45}, "Wind": {"precision": 0.03932584269662921, "recall": 0.03608247422680412, "f1-score": 0.03763440860215054, "support": 194}, "micro avg": {"precision": 0.6585226732579142, "recall": 0.6878165028299077, "f1-score": 0.6728508984944147, "support": 10071}, "macro avg": {"precision": 0.40282153626655315, "recall": 0.2701561411307232, "f1-score": 0.28396904405494405, "support": 10071}, "weighted avg": {"precision": 0.6444893207296528, "recall": 0.6878165028299077, "f1-score": 0.6347182502896473, "support": 10071}, "samples avg": {"precision": 0.6930176415970287, "recall": 0.7146518105849582, "f1-score": 0.6914837511606313, "support": 10071}}