{"Aeroplane": {"precision": 0.0, "recall": 0.0, "f1-score": 0.0, "support": 22}, "Anthus trivialis_Tree Pipit": {"precision": 0.7465753424657534, "recall": 0.68125, "f1-score": 0.7124183006535948, "support": 160}, "Certhia familiaris_Eurasian Treecreeper": {"precision": 0.1, "recall": 0.021739130434782608, "f1-score": 0.03571428571428571, "support": 92}, "Coccothraustes coccothraustes_Hawfinch": {"precision": 0.7272727272727273, "recall": 0.09195402298850575, "f1-score": 0.163265306122449, "support": 87}, "Cuculus canorus_Common Cuckoo": {"precision": 0.0, "recall": 0.0, "f1-score": 0.0, "support": 3}, "Erithacus rubecula_European Robin": {"precision": 0.5472779369627507, "recall": 0.6870503597122302, "f1-score": 0.6092503987240829, "support": 556}, "Fringilla coelebs_Common Chaffinch": {"precision": 0.518642447418738, "recall": 0.791970802919708, "f1-score": 0.6268053148469093, "support": 1370}, "Lophophanes cristatus_Crested Tit": {"precision": 0.07692307692307693, "recall": 0.08695652173913043, "f1-score": 0.08163265306122448, "support": 23}, "Loxia curvirostra_Common Crossbill": {"precision": 0.5625, "recall": 0.25, "f1-score": 0.34615384615384615, "support": 36}, "Muscicapa striata_Spotted Flycatcher": {"precision": 0.0, "recall": 0.0, "f1-score": 0.0, "support": 173}, "None": {"precision": 0.7818980667838313, "recall": 0.9500320307495196, "f1-score": 0.8578039140075195, "support": 4683}, "Parus major_Great Tit": {"precision": 0.0, "recall": 0.0, "f1-score": 0.0, "support": 14}, "Periparus ater_Coal Tit": {"precision": 0.8148148148148148, "recall": 0.6226415094339622, "f1-score": 0.7058823529411764, "support": 212}, "Phylloscopus collybita_Common Chiffchaff": {"precision": 0.7864864864864864, "recall": 0.4317507418397626, "f1-score": 0.557471264367816, "support": 674}, "Regulus ignicapilla_Common Firecrest": {"precision": 0.7588424437299035, "recall": 0.41043478260869565, "f1-score": 0.5327313769751694, "support": 575}, "Regulus regulus_Goldcrest": {"precision": 0.07857142857142857, "recall": 0.08088235294117647, "f1-score": 0.07971014492753624, "support": 136}, "Sylvia atricapilla_Eurasian Blackcap": {"precision": 0.6523809523809524, "recall": 0.2778904665314402, "f1-score": 0.38975817923186346, "support": 493}, "Troglodytes troglodytes_Eurasian Wren": {"precision": 1.0, "recall": 0.03365384615384615, "f1-score": 0.06511627906976743, "support": 208}, "Turdus merula_Eurasian Blackbird": {"precision": 0.3944954128440367, "recall": 0.1365079365079365, "f1-score": 0.20283018867924527, "support": 315}, "Vegetation": {"precision": 0.0196078431372549, "recall": 0.022222222222222223, "f1-score": 0.020833333333333332, "support": 45}, "Wind": {"precision": 0.04, "recall": 0.04639175257731959, "f1-score": 0.04295942720763723, "support": 194}, "micro avg": {"precision": 0.6692806660857779, "recall": 0.6864263727534505, "f1-score": 0.6777450980392157, "support": 10071}, "macro avg": {"precision": 0.4098232847519883, "recall": 0.2677775466362018, "f1-score": 0.2871588840960693, "support": 10071}, "weighted avg": {"precision": 0.66555300517069, "recall": 0.6864263727534505, "f1-score": 0.6436083770262463, "support": 10071}, "samples avg": {"precision": 0.7001522748375115, "recall": 0.7138718662952647, "f1-score": 0.6952518901711102, "support": 10071}}