{"Aeroplane": {"precision": 0.0, "recall": 0.0, "f1-score": 0.0, "support": 22}, "Anthus trivialis_Tree Pipit": {"precision": 0.49038461538461536, "recall": 0.3, "f1-score": 0.37226277372262767, "support": 170}, "Certhia familiaris_Eurasian Treecreeper": {"precision": 0.7368421052631579, "recall": 0.5656565656565656, "f1-score": 0.64, "support": 99}, "Coccothraustes coccothraustes_Hawfinch": {"precision": 0.8333333333333334, "recall": 0.22988505747126436, "f1-score": 0.36036036036036034, "support": 87}, "Erithacus rubecula_European Robin": {"precision": 0.8765957446808511, "recall": 0.37050359712230213, "f1-score": 0.5208596713021492, "support": 556}, "Fringilla coelebs_Common Chaffinch": {"precision": 0.8695652173913043, "recall": 0.37214885954381755, "f1-score": 0.5212274064733081, "support": 1666}, "Lophophanes cristatus_Crested Tit": {"precision": 1.0, "recall": 0.34782608695652173, "f1-score": 0.5161290322580645, "support": 23}, "Loxia curvirostra_Common Crossbill": {"precision": 0.0, "recall": 0.0, "f1-score": 0.0, "support": 46}, "Muscicapa striata_Spotted Flycatcher": {"precision": 0.6, "recall": 0.017341040462427744, "f1-score": 0.03370786516853932, "support": 173}, "None": {"precision": 0.0, "recall": 0.0, "f1-score": 0.0, "support": 4683}, "Parus major_Great Tit": {"precision": 0.0, "recall": 0.0, "f1-score": 0.0, "support": 14}, "Periparus ater_Coal Tit": {"precision": 0.9375, "recall": 0.06465517241379311, "f1-score": 0.12096774193548387, "support": 232}, "Phylloscopus collybita_Common Chiffchaff": {"precision": 0.9540540540540541, "recall": 0.5237388724035609, "f1-score": 0.6762452107279693, "support": 674}, "Regulus ignicapilla_Common Firecrest": {"precision": 0.9910714285714286, "recall": 0.37061769616026713, "f1-score": 0.5394896719319563, "support": 599}, "Regulus regulus_Goldcrest": {"precision": 0.2073170731707317, "recall": 0.20238095238095238, "f1-score": 0.2048192771084337, "support": 168}, "Sylvia atricapilla_Eurasian Blackcap": {"precision": 0.8870967741935484, "recall": 0.10185185185185185, "f1-score": 0.18272425249169433, "support": 540}, "Troglodytes troglodytes_Eurasian Wren": {"precision": 0.78125, "recall": 0.08992805755395683, "f1-score": 0.16129032258064516, "support": 278}, "Turdus merula_Eurasian Blackbird": {"precision": 0.5786802030456852, "recall": 0.3619047619047619, "f1-score": 0.44531249999999994, "support": 315}, "Vegetation": {"precision": 0.0, "recall": 0.0, "f1-score": 0.0, "support": 45}, "Wind": {"precision": 0.0, "recall": 0.0, "f1-score": 0.0, "support": 194}, "micro avg": {"precision": 0.7955357142857142, "recall": 0.1683673469387755, "f1-score": 0.27791640673736745, "support": 10584}, "macro avg": {"precision": 0.5371845274544356, "recall": 0.19592192859410218, "f1-score": 0.26476980430306163, "support": 10584}, "weighted avg": {"precision": 0.44021288243728385, "recall": 0.1683673469387755, "f1-score": 0.23231880871625982, "support": 10584}, "samples avg": {"precision": 0.17730794852915394, "recall": 0.15371130044528591, "f1-score": 0.16059044213036006, "support": 10584}}