{"Aeroplane": {"precision": 0.0, "recall": 0.0, "f1-score": 0.0, "support": 22}, "Anthus trivialis_Tree Pipit": {"precision": 0.8269230769230769, "recall": 0.5375, "f1-score": 0.6515151515151516, "support": 160}, "Certhia familiaris_Eurasian Treecreeper": {"precision": 0.7763157894736842, "recall": 0.6413043478260869, "f1-score": 0.7023809523809524, "support": 92}, "Coccothraustes coccothraustes_Hawfinch": {"precision": 0.8260869565217391, "recall": 0.21839080459770116, "f1-score": 0.34545454545454546, "support": 87}, "Erithacus rubecula_European Robin": {"precision": 0.8728813559322034, "recall": 0.37050359712230213, "f1-score": 0.5202020202020201, "support": 556}, "Fringilla coelebs_Common Chaffinch": {"precision": 0.8539176626826029, "recall": 0.46934306569343065, "f1-score": 0.6057465850211965, "support": 1370}, "Lophophanes cristatus_Crested Tit": {"precision": 1.0, "recall": 0.30434782608695654, "f1-score": 0.4666666666666667, "support": 23}, "Loxia curvirostra_Common Crossbill": {"precision": 0.0, "recall": 0.0, "f1-score": 0.0, "support": 36}, "Muscicapa striata_Spotted Flycatcher": {"precision": 0.6, "recall": 0.017341040462427744, "f1-score": 0.03370786516853932, "support": 173}, "None": {"precision": 0.0, "recall": 0.0, "f1-score": 0.0, "support": 4683}, "Parus major_Great Tit": {"precision": 0.0, "recall": 0.0, "f1-score": 0.0, "support": 14}, "Periparus ater_Coal Tit": {"precision": 1.0, "recall": 0.07547169811320754, "f1-score": 0.14035087719298245, "support": 212}, "Phylloscopus collybita_Common Chiffchaff": {"precision": 0.9462915601023018, "recall": 0.5489614243323442, "f1-score": 0.6948356807511735, "support": 674}, "Regulus ignicapilla_Common Firecrest": {"precision": 0.990909090909091, "recall": 0.3791304347826087, "f1-score": 0.5484276729559748, "support": 575}, "Regulus regulus_Goldcrest": {"precision": 0.1878453038674033, "recall": 0.25, "f1-score": 0.21451104100946372, "support": 136}, "Sylvia atricapilla_Eurasian Blackcap": {"precision": 0.8870967741935484, "recall": 0.11156186612576065, "f1-score": 0.19819819819819817, "support": 493}, "Troglodytes troglodytes_Eurasian Wren": {"precision": 0.967741935483871, "recall": 0.14423076923076922, "f1-score": 0.2510460251046025, "support": 208}, "Turdus merula_Eurasian Blackbird": {"precision": 0.5786802030456852, "recall": 0.3619047619047619, "f1-score": 0.44531249999999994, "support": 315}, "Vegetation": {"precision": 0.0, "recall": 0.0, "f1-score": 0.0, "support": 45}, "Wind": {"precision": 0.0, "recall": 0.0, "f1-score": 0.0, "support": 194}, "micro avg": {"precision": 0.8062418725617685, "recall": 0.18474374255065554, "f1-score": 0.3006060606060606, "support": 10068}, "macro avg": {"precision": 0.5657344854567603, "recall": 0.22149958181391788, "f1-score": 0.29091778908107335, "support": 10068}, "weighted avg": {"precision": 0.4294418989129156, "recall": 0.18474374255065554, "f1-score": 0.24507168521916123, "support": 10068}, "samples avg": {"precision": 0.19509749303621168, "recall": 0.17028783658310123, "f1-score": 0.17740389972144846, "support": 10068}}