{"Anthus trivialis_Tree Pipit": {"precision": 1.0, "recall": 0.6242424242424243, "f1-score": 0.7686567164179104, "support": 165}, "Certhia familiaris_Eurasian Treecreeper": {"precision": 0.9594594594594594, "recall": 0.7395833333333334, "f1-score": 0.835294117647059, "support": 96}, "Coccothraustes coccothraustes_Hawfinch": {"precision": 0.8571428571428571, "recall": 0.24, "f1-score": 0.375, "support": 75}, "Erithacus rubecula_European Robin": {"precision": 0.9289099526066351, "recall": 0.4126315789473684, "f1-score": 0.5714285714285714, "support": 475}, "Fringilla coelebs_Common Chaffinch": {"precision": 0.9090909090909091, "recall": 0.5407882676443629, "f1-score": 0.6781609195402298, "support": 1091}, "Lophophanes cristatus_Crested Tit": {"precision": 1.0, "recall": 0.6666666666666666, "f1-score": 0.8, "support": 12}, "Loxia curvirostra_Common Crossbill": {"precision": 0.0, "recall": 0.0, "f1-score": 0.0, "support": 15}, "Muscicapa striata_Spotted Flycatcher": {"precision": 0.75, "recall": 0.024390243902439025, "f1-score": 0.04724409448818898, "support": 123}, "Parus major_Great Tit": {"precision": 0.1111111111111111, "recall": 0.034482758620689655, "f1-score": 0.05263157894736842, "support": 29}, "Periparus ater_Coal Tit": {"precision": 1.0, "recall": 0.11940298507462686, "f1-score": 0.21333333333333335, "support": 134}, "Phylloscopus collybita_Common Chiffchaff": {"precision": 0.9603399433427762, "recall": 0.6807228915662651, "f1-score": 0.7967097532314923, "support": 498}, "Regulus ignicapilla_Common Firecrest": {"precision": 0.989247311827957, "recall": 0.4017467248908297, "f1-score": 0.5714285714285714, "support": 458}, "Regulus regulus_Goldcrest": {"precision": 0.25842696629213485, "recall": 0.27058823529411763, "f1-score": 0.26436781609195403, "support": 85}, "Sylvia atricapilla_Eurasian Blackcap": {"precision": 0.8983050847457628, "recall": 0.18088737201365188, "f1-score": 0.3011363636363636, "support": 293}, "Troglodytes troglodytes_Eurasian Wren": {"precision": 0.9642857142857143, "recall": 0.23893805309734514, "f1-score": 0.3829787234042553, "support": 113}, "Turdus merula_Eurasian Blackbird": {"precision": 0.5722543352601156, "recall": 0.3498233215547703, "f1-score": 0.4342105263157895, "support": 283}, "micro avg": {"precision": 0.8729198184568835, "recall": 0.4387832699619772, "f1-score": 0.5840080971659919, "support": 3945}, "macro avg": {"precision": 0.7599108528228395, "recall": 0.34530592855305564, "f1-score": 0.44328631786944295, "support": 3945}, "weighted avg": {"precision": 0.8829715992604621, "recall": 0.4387832699619772, "f1-score": 0.5645895743110548, "support": 3945}, "samples avg": {"precision": 0.5352312390924956, "recall": 0.4517888307155322, "f1-score": 0.4771160558464223, "support": 3945}}