{"Aeroplane": {"precision": 0.0, "recall": 0.0, "f1-score": 0.0, "support": 22}, "Anthus trivialis_Tree Pipit": {"precision": 0.8269230769230769, "recall": 0.5375, "f1-score": 0.6515151515151516, "support": 160}, "Certhia familiaris_Eurasian Treecreeper": {"precision": 0.7763157894736842, "recall": 0.6413043478260869, "f1-score": 0.7023809523809524, "support": 92}, "Coccothraustes coccothraustes_Hawfinch": {"precision": 0.8260869565217391, "recall": 0.21839080459770116, "f1-score": 0.34545454545454546, "support": 87}, "Cuculus canorus_Common Cuckoo": {"precision": 0.0, "recall": 0.0, "f1-score": 0.0, "support": 3}, "Erithacus rubecula_European Robin": {"precision": 0.8739495798319328, "recall": 0.37410071942446044, "f1-score": 0.5239294710327456, "support": 556}, "Fringilla coelebs_Common Chaffinch": {"precision": 0.8622100954979536, "recall": 0.46131386861313867, "f1-score": 0.6010461245839277, "support": 1370}, "Lophophanes cristatus_Crested Tit": {"precision": 1.0, "recall": 0.30434782608695654, "f1-score": 0.4666666666666667, "support": 23}, "Loxia curvirostra_Common Crossbill": {"precision": 0.0, "recall": 0.0, "f1-score": 0.0, "support": 36}, "Muscicapa striata_Spotted Flycatcher": {"precision": 1.0, "recall": 0.005780346820809248, "f1-score": 0.011494252873563216, "support": 173}, "None": {"precision": 0.0, "recall": 0.0, "f1-score": 0.0, "support": 4683}, "Parus major_Great Tit": {"precision": 0.0, "recall": 0.0, "f1-score": 0.0, "support": 14}, "Periparus ater_Coal Tit": {"precision": 1.0, "recall": 0.07547169811320754, "f1-score": 0.14035087719298245, "support": 212}, "Phylloscopus collybita_Common Chiffchaff": {"precision": 0.9559228650137741, "recall": 0.5148367952522255, "f1-score": 0.6692381870781099, "support": 674}, "Regulus ignicapilla_Common Firecrest": {"precision": 0.9910313901345291, "recall": 0.3843478260869565, "f1-score": 0.5538847117794485, "support": 575}, "Regulus regulus_Goldcrest": {"precision": 0.1878453038674033, "recall": 0.25, "f1-score": 0.21451104100946372, "support": 136}, "Sylvia atricapilla_Eurasian Blackcap": {"precision": 0.9210526315789473, "recall": 0.07099391480730223, "f1-score": 0.1318267419962335, "support": 493}, "Troglodytes troglodytes_Eurasian Wren": {"precision": 0.9393939393939394, "recall": 0.14903846153846154, "f1-score": 0.2572614107883818, "support": 208}, "Turdus merula_Eurasian Blackbird": {"precision": 0.5786802030456852, "recall": 0.3619047619047619, "f1-score": 0.44531249999999994, "support": 315}, "Vegetation": {"precision": 0.0, "recall": 0.0, "f1-score": 0.0, "support": 45}, "Wind": {"precision": 0.0, "recall": 0.0, "f1-score": 0.0, "support": 194}, "micro avg": {"precision": 0.806954971020954, "recall": 0.1797239598848178, "f1-score": 0.2939743381516972, "support": 10071}, "macro avg": {"precision": 0.5590196110134602, "recall": 0.20711101767009849, "f1-score": 0.2721367921120082, "support": 10071}, "weighted avg": {"precision": 0.43910051432526753, "recall": 0.1797239598848178, "f1-score": 0.23966124144819975, "support": 10071}, "samples avg": {"precision": 0.19058495821727017, "recall": 0.166313834726091, "f1-score": 0.17331476323119777, "support": 10071}}