{
    "Certhia familiaris_Eurasian Treecreeper": {
        "precision": 0.0,
        "recall": 0.0,
        "f1-score": 0.0,
        "support": 3
    },
    "Dendrocopos major_Great Spotted Woodpecker": {
        "precision": 1.0,
        "recall": 1.0,
        "f1-score": 1.0,
        "support": 25
    },
    "Dryocopus martius_Black Woodpecker": {
        "precision": 1.0,
        "recall": 0.09523809523809523,
        "f1-score": 0.17391304347826084,
        "support": 21
    },
    "Erithacus rubecula_European Robin": {
        "precision": 0.9878787878787879,
        "recall": 0.2931654676258993,
        "f1-score": 0.4521497919556172,
        "support": 556
    },
    "Fringilla coelebs_Common Chaffinch": {
        "precision": 0.8901098901098901,
        "recall": 0.3795688847235239,
        "f1-score": 0.5321944809461235,
        "support": 1067
    },
    "Lophophanes cristatus_Crested Tit": {
        "precision": 0.5384615384615384,
        "recall": 0.5,
        "f1-score": 0.5185185185185186,
        "support": 14
    },
    "Muscicapa striata_Spotted Flycatcher": {
        "precision": 0.0,
        "recall": 0.0,
        "f1-score": 0.0,
        "support": 108
    },
    "Periparus ater_Coal Tit": {
        "precision": 0.8888888888888888,
        "recall": 0.2857142857142857,
        "f1-score": 0.43243243243243246,
        "support": 28
    },
    "Phylloscopus collybita_Common Chiffchaff": {
        "precision": 0.984472049689441,
        "recall": 0.47032640949554894,
        "f1-score": 0.6365461847389559,
        "support": 674
    },
    "Regulus ignicapilla_Common Firecrest": {
        "precision": 0.9028571428571428,
        "recall": 0.6638655462184874,
        "f1-score": 0.7651331719128329,
        "support": 238
    },
    "Regulus regulus_Goldcrest": {
        "precision": 0.0,
        "recall": 0.0,
        "f1-score": 0.0,
        "support": 12
    },
    "Sylvia atricapilla_Eurasian Blackcap": {
        "precision": 0.9024390243902439,
        "recall": 0.15010141987829614,
        "f1-score": 0.25739130434782614,
        "support": 493
    },
    "Troglodytes troglodytes_Eurasian Wren": {
        "precision": 0.9285714285714286,
        "recall": 0.11711711711711711,
        "f1-score": 0.208,
        "support": 111
    },
    "Turdus merula_Eurasian Blackbird": {
        "precision": 0.6693548387096774,
        "recall": 0.2634920634920635,
        "f1-score": 0.37813211845102507,
        "support": 315
    },
    "Turdus philomelos_Song Thrush": {
        "precision": 0.7,
        "recall": 0.1206896551724138,
        "f1-score": 0.2058823529411765,
        "support": 58
    },
    "micro avg": {
        "precision": 0.8975817923186344,
        "recall": 0.33897394574268064,
        "f1-score": 0.492103723922792,
        "support": 3723
    },
    "macro avg": {
        "precision": 0.6928689059704692,
        "recall": 0.28928526297838203,
        "f1-score": 0.3706862266481846,
        "support": 3723
    },
    "weighted avg": {
        "precision": 0.8743674489699864,
        "recall": 0.33897394574268064,
        "f1-score": 0.4725852449725216,
        "support": 3723
    },
    "samples avg": {
        "precision": 0.4079397672826831,
        "recall": 0.35172826830937715,
        "f1-score": 0.368788501026694,
        "support": 3723
    }
}