{"Certhia familiaris_Eurasian Treecreeper": {"precision": 0.17777777777777778, "recall": 0.10526315789473684, "f1-score": 0.13223140495867766, "support": 76}, "Dendrocopos major_Great Spotted Woodpecker": {"precision": 1.0, "recall": 0.2222222222222222, "f1-score": 0.3636363636363636, "support": 27}, "Dryocopus martius_Black Woodpecker": {"precision": 0.7777777777777778, "recall": 0.2916666666666667, "f1-score": 0.42424242424242425, "support": 24}, "Erithacus rubecula_European Robin": {"precision": 0.42391304347826086, "recall": 0.6030927835051546, "f1-score": 0.49787234042553186, "support": 194}, "Fringilla coelebs_Common Chaffinch": {"precision": 0.6864784546805349, "recall": 0.34196891191709844, "f1-score": 0.4565217391304347, "support": 2702}, "Glaucidium passerinum_Eurasian Pygmy-Owl": {"precision": 0.38596491228070173, "recall": 0.8148148148148148, "f1-score": 0.5238095238095238, "support": 27}, "Lophophanes cristatus_Crested Tit": {"precision": 0.14782608695652175, "recall": 0.3953488372093023, "f1-score": 0.21518987341772153, "support": 43}, "Loxia curvirostra_Common Crossbill": {"precision": 0.43617021276595747, "recall": 0.6833333333333333, "f1-score": 0.5324675324675325, "support": 60}, "Muscicapa striata_Spotted Flycatcher": {"precision": 0.7377049180327869, "recall": 0.5660377358490566, "f1-score": 0.6405693950177935, "support": 159}, "Periparus ater_Coal Tit": {"precision": 0.7352941176470589, "recall": 0.33112582781456956, "f1-score": 0.45662100456621013, "support": 151}, "Pyrrhula pyrrhula_Eurasian Bullfinch": {"precision": 0.23076923076923078, "recall": 0.0967741935483871, "f1-score": 0.13636363636363635, "support": 31}, "Regulus ignicapilla_Common Firecrest": {"precision": 0.5821371610845295, "recall": 0.44349939246658565, "f1-score": 0.5034482758620689, "support": 823}, "Regulus regulus_Goldcrest": {"precision": 0.6226415094339622, "recall": 0.2323943661971831, "f1-score": 0.3384615384615385, "support": 142}, "Sylvia atricapilla_Eurasian Blackcap": {"precision": 0.45294117647058824, "recall": 0.4795847750865052, "f1-score": 0.4658823529411765, "support": 1445}, "Troglodytes troglodytes_Eurasian Wren": {"precision": 0.252, "recall": 0.4228187919463087, "f1-score": 0.31578947368421056, "support": 149}, "Turdus merula_Eurasian Blackbird": {"precision": 0.27848101265822783, "recall": 0.4782608695652174, "f1-score": 0.352, "support": 46}, "Turdus philomelos_Song Thrush": {"precision": 0.5613496932515337, "recall": 0.8169642857142857, "f1-score": 0.6654545454545454, "support": 448}, "micro avg": {"precision": 0.5292025458629727, "recall": 0.43180082480525434, "f1-score": 0.47556564891916897, "support": 6547}, "macro avg": {"precision": 0.49936629912149705, "recall": 0.430892409750084, "f1-score": 0.4129742014376112, "support": 6547}, "weighted avg": {"precision": 0.5801992648316715, "recall": 0.43180082480525434, "f1-score": 0.47158972800686155, "support": 6547}, "samples avg": {"precision": 0.4418139453090653, "recall": 0.36067440429086434, "f1-score": 0.37675153768532826, "support": 6547}}