{"Aeroplane": {"precision": 0.0, "recall": 0.0, "f1-score": 0.0, "support": 22}, "Anthus trivialis_Tree Pipit": {"precision": 0.9603174603174603, "recall": 0.6470588235294118, "f1-score": 0.7731629392971245, "support": 187}, "Certhia familiaris_Eurasian Treecreeper": {"precision": 0.918918918918919, "recall": 0.39080459770114945, "f1-score": 0.5483870967741936, "support": 87}, "Coccothraustes coccothraustes_Hawfinch": {"precision": 0.7727272727272727, "recall": 0.21518987341772153, "f1-score": 0.3366336633663366, "support": 79}, "Erithacus rubecula_European Robin": {"precision": 0.5862857142857143, "recall": 0.7588757396449705, "f1-score": 0.6615087040618957, "support": 676}, "Fringilla coelebs_Common Chaffinch": {"precision": 0.5920286609941783, "recall": 0.8507078507078507, "f1-score": 0.6981779772907315, "support": 1554}, "Lophophanes cristatus_Crested Tit": {"precision": 0.03409090909090909, "recall": 0.13636363636363635, "f1-score": 0.05454545454545454, "support": 22}, "Loxia curvirostra_Common Crossbill": {"precision": 0.4583333333333333, "recall": 0.44, "f1-score": 0.4489795918367347, "support": 25}, "Muscicapa striata_Spotted Flycatcher": {"precision": 0.0, "recall": 0.0, "f1-score": 0.0, "support": 164}, "None": {"precision": 0.8218049434757616, "recall": 0.9193997856377277, "f1-score": 0.8678672602185349, "support": 4665}, "Parus major_Great Tit": {"precision": 0.26865671641791045, "recall": 0.45, "f1-score": 0.3364485981308411, "support": 40}, "Periparus ater_Coal Tit": {"precision": 0.868421052631579, "recall": 0.33, "f1-score": 0.4782608695652174, "support": 200}, "Phylloscopus collybita_Common Chiffchaff": {"precision": 0.5669481302774427, "recall": 0.6932153392330384, "f1-score": 0.6237558062375581, "support": 678}, "Regulus ignicapilla_Common Firecrest": {"precision": 0.883495145631068, "recall": 0.3215547703180212, "f1-score": 0.4715025906735752, "support": 566}, "Regulus regulus_Goldcrest": {"precision": 0.2857142857142857, "recall": 0.047244094488188976, "f1-score": 0.08108108108108107, "support": 127}, "Sylvia atricapilla_Eurasian Blackcap": {"precision": 0.5048543689320388, "recall": 0.4271047227926078, "f1-score": 0.4627363737486096, "support": 487}, "Troglodytes troglodytes_Eurasian Wren": {"precision": 0.8292682926829268, "recall": 0.1691542288557214, "f1-score": 0.2809917355371901, "support": 201}, "Turdus merula_Eurasian Blackbird": {"precision": 0.8125, "recall": 0.04024767801857585, "f1-score": 0.07669616519174041, "support": 323}, "Vegetation": {"precision": 0.16666666666666666, "recall": 0.16666666666666666, "f1-score": 0.16666666666666666, "support": 54}, "Wind": {"precision": 0.04883720930232558, "recall": 0.109375, "f1-score": 0.067524115755627, "support": 192}, "micro avg": {"precision": 0.680864884929473, "recall": 0.7089573871871678, "f1-score": 0.6946272189349112, "support": 10349}, "macro avg": {"precision": 0.5189934540699896, "recall": 0.3556481403687644, "f1-score": 0.37174633449895567, "support": 10349}, "weighted avg": {"precision": 0.7035817343868855, "recall": 0.7089573871871678, "f1-score": 0.6715443703132016, "support": 10349}, "samples avg": {"precision": 0.7335126462816156, "recall": 0.738637221593054, "f1-score": 0.7223043736180769, "support": 10349}}