{"Aeroplane": {"precision": 0.0, "recall": 0.0, "f1-score": 0.0, "support": 22}, "Anthus trivialis_Tree Pipit": {"precision": 0.5238095238095238, "recall": 0.38823529411764707, "f1-score": 0.44594594594594594, "support": 170}, "Certhia familiaris_Eurasian Treecreeper": {"precision": 0.2702702702702703, "recall": 0.08547008547008547, "f1-score": 0.12987012987012986, "support": 117}, "Coccothraustes coccothraustes_Hawfinch": {"precision": 0.7727272727272727, "recall": 0.19540229885057472, "f1-score": 0.3119266055045872, "support": 87}, "Erithacus rubecula_European Robin": {"precision": 0.4662857142857143, "recall": 0.7338129496402878, "f1-score": 0.5702306079664571, "support": 556}, "Fringilla coelebs_Common Chaffinch": {"precision": 0.5127630989699955, "recall": 0.6364647026125625, "f1-score": 0.5679563492063493, "support": 1799}, "Lophophanes cristatus_Crested Tit": {"precision": 0.03409090909090909, "recall": 0.11538461538461539, "f1-score": 0.05263157894736841, "support": 26}, "Loxia curvirostra_Common Crossbill": {"precision": 0.4583333333333333, "recall": 0.2391304347826087, "f1-score": 0.3142857142857143, "support": 46}, "Muscicapa striata_Spotted Flycatcher": {"precision": 0.0, "recall": 0.0, "f1-score": 0.0, "support": 173}, "None": {"precision": 0.8218049434757616, "recall": 0.9158658979286782, "f1-score": 0.8662896384568773, "support": 4683}, "Parus major_Great Tit": {"precision": 0.0, "recall": 0.0, "f1-score": 0.0, "support": 23}, "Periparus ater_Coal Tit": {"precision": 0.5789473684210527, "recall": 0.1896551724137931, "f1-score": 0.2857142857142857, "support": 232}, "Phylloscopus collybita_Common Chiffchaff": {"precision": 0.5633293124246079, "recall": 0.6928783382789317, "f1-score": 0.6214238190286094, "support": 674}, "Regulus ignicapilla_Common Firecrest": {"precision": 0.883495145631068, "recall": 0.3038397328881469, "f1-score": 0.45217391304347826, "support": 599}, "Regulus regulus_Goldcrest": {"precision": 0.2857142857142857, "recall": 0.03529411764705882, "f1-score": 0.06282722513089005, "support": 170}, "Sylvia atricapilla_Eurasian Blackcap": {"precision": 0.5, "recall": 0.2909604519774011, "f1-score": 0.3678571428571428, "support": 708}, "Troglodytes troglodytes_Eurasian Wren": {"precision": 0.7317073170731707, "recall": 0.1079136690647482, "f1-score": 0.18808777429467086, "support": 278}, "Turdus merula_Eurasian Blackbird": {"precision": 0.0625, "recall": 0.0031746031746031746, "f1-score": 0.006042296072507553, "support": 315}, "Vegetation": {"precision": 0.0, "recall": 0.0, "f1-score": 0.0, "support": 45}, "Wind": {"precision": 0.04883720930232558, "recall": 0.10824742268041238, "f1-score": 0.0673076923076923, "support": 194}, "micro avg": {"precision": 0.64086859688196, "recall": 0.6325913712558395, "f1-score": 0.6367030839441294, "support": 10917}, "macro avg": {"precision": 0.3757307852264645, "recall": 0.25208648934560773, "f1-score": 0.26552853593163533, "support": 10917}, "weighted avg": {"precision": 0.6337323213755044, "recall": 0.6325913712558395, "f1-score": 0.6067560049650104, "support": 10917}, "samples avg": {"precision": 0.6267114071382919, "recall": 0.6404026642446261, "f1-score": 0.6219386896952745, "support": 10917}}