{"Aeroplane": {"precision": 0.0, "recall": 0.0, "f1-score": 0.0, "support": 22}, "Anthus trivialis_Tree Pipit": {"precision": 0.430939226519337, "recall": 0.4588235294117647, "f1-score": 0.4444444444444445, "support": 170}, "Certhia familiaris_Eurasian Treecreeper": {"precision": 0.5416666666666666, "recall": 0.13131313131313133, "f1-score": 0.2113821138211382, "support": 99}, "Coccothraustes coccothraustes_Hawfinch": {"precision": 0.0, "recall": 0.0, "f1-score": 0.0, "support": 87}, "Erithacus rubecula_European Robin": {"precision": 0.5388198757763976, "recall": 0.6241007194244604, "f1-score": 0.5783333333333334, "support": 556}, "Fringilla coelebs_Common Chaffinch": {"precision": 0.5840359752670039, "recall": 0.6236494597839136, "f1-score": 0.6031930333817126, "support": 1666}, "Lophophanes cristatus_Crested Tit": {"precision": 0.22641509433962265, "recall": 0.5217391304347826, "f1-score": 0.3157894736842105, "support": 23}, "Loxia curvirostra_Common Crossbill": {"precision": 0.6140350877192983, "recall": 0.7608695652173914, "f1-score": 0.679611650485437, "support": 46}, "Muscicapa striata_Spotted Flycatcher": {"precision": 0.2714285714285714, "recall": 0.10982658959537572, "f1-score": 0.15637860082304528, "support": 173}, "None": {"precision": 0.8919281308661839, "recall": 0.7102284860132394, "f1-score": 0.7907750832144556, "support": 4683}, "Parus major_Great Tit": {"precision": 0.15384615384615385, "recall": 0.7142857142857143, "f1-score": 0.25316455696202533, "support": 14}, "Periparus ater_Coal Tit": {"precision": 0.8260869565217391, "recall": 0.16379310344827586, "f1-score": 0.27338129496402874, "support": 232}, "Phylloscopus collybita_Common Chiffchaff": {"precision": 0.9029126213592233, "recall": 0.27596439169139464, "f1-score": 0.4227272727272728, "support": 674}, "Regulus ignicapilla_Common Firecrest": {"precision": 0.8673469387755102, "recall": 0.1419031719532554, "f1-score": 0.24390243902439027, "support": 599}, "Regulus regulus_Goldcrest": {"precision": 0.3645833333333333, "recall": 0.20833333333333334, "f1-score": 0.26515151515151514, "support": 168}, "Sylvia atricapilla_Eurasian Blackcap": {"precision": 0.46987951807228917, "recall": 0.43333333333333335, "f1-score": 0.4508670520231214, "support": 540}, "Troglodytes troglodytes_Eurasian Wren": {"precision": 0.9230769230769231, "recall": 0.08633093525179857, "f1-score": 0.15789473684210528, "support": 278}, "Turdus merula_Eurasian Blackbird": {"precision": 0.19, "recall": 0.12063492063492064, "f1-score": 0.14757281553398058, "support": 315}, "Vegetation": {"precision": 0.0, "recall": 0.0, "f1-score": 0.0, "support": 45}, "Wind": {"precision": 0.09212283044058744, "recall": 0.3556701030927835, "f1-score": 0.14634146341463417, "support": 194}, "micro avg": {"precision": 0.6526512497080121, "recall": 0.5279667422524565, "f1-score": 0.5837250600647655, "support": 10584}, "macro avg": {"precision": 0.44445619520044194, "recall": 0.32203998091094344, "f1-score": 0.30704554399154255, "support": 10584}, "weighted avg": {"precision": 0.7207118567472227, "recall": 0.5279667422524565, "f1-score": 0.576011187218676, "support": 10584}, "samples avg": {"precision": 0.56626803541821, "recall": 0.5504550746110699, "f1-score": 0.5506967227572582, "support": 10584}}