{"Aeroplane": {"precision": 0.0, "recall": 0.0, "f1-score": 0.0, "support": 22}, "Anthus trivialis_Tree Pipit": {"precision": 0.0, "recall": 0.0, "f1-score": 0.0, "support": 17}, "Certhia familiaris_Eurasian Treecreeper": {"precision": 0.02702702702702703, "recall": 0.3333333333333333, "f1-score": 0.05, "support": 3}, "Coccothraustes coccothraustes_Hawfinch": {"precision": 0.7727272727272727, "recall": 0.19540229885057472, "f1-score": 0.3119266055045872, "support": 87}, "Erithacus rubecula_European Robin": {"precision": 0.4662857142857143, "recall": 0.7338129496402878, "f1-score": 0.5702306079664571, "support": 556}, "Fringilla coelebs_Common Chaffinch": {"precision": 0.5123152709359606, "recall": 0.8350364963503649, "f1-score": 0.6350263669164585, "support": 1370}, "Lophophanes cristatus_Crested Tit": {"precision": 0.0, "recall": 0.0, "f1-score": 0.0, "support": 16}, "Loxia curvirostra_Common Crossbill": {"precision": 0.25, "recall": 0.5454545454545454, "f1-score": 0.34285714285714286, "support": 11}, "Muscicapa striata_Spotted Flycatcher": {"precision": 0.0, "recall": 0.0, "f1-score": 0.0, "support": 173}, "None": {"precision": 0.8218049434757616, "recall": 0.9158658979286782, "f1-score": 0.8662896384568773, "support": 4683}, "Parus major_Great Tit": {"precision": 0.0, "recall": 0.0, "f1-score": 0.0, "support": 3}, "Periparus ater_Coal Tit": {"precision": 0.02631578947368421, "recall": 0.06896551724137931, "f1-score": 0.03809523809523809, "support": 29}, "Phylloscopus collybita_Common Chiffchaff": {"precision": 0.5633293124246079, "recall": 0.6928783382789317, "f1-score": 0.6214238190286094, "support": 674}, "Regulus ignicapilla_Common Firecrest": {"precision": 0.47572815533980584, "recall": 0.4117647058823529, "f1-score": 0.44144144144144143, "support": 238}, "Regulus regulus_Goldcrest": {"precision": 0.23809523809523808, "recall": 0.3125, "f1-score": 0.27027027027027023, "support": 16}, "Sylvia atricapilla_Eurasian Blackcap": {"precision": 0.5, "recall": 0.4178498985801217, "f1-score": 0.4552486187845304, "support": 493}, "Troglodytes troglodytes_Eurasian Wren": {"precision": 0.6341463414634146, "recall": 0.23423423423423423, "f1-score": 0.3421052631578948, "support": 111}, "Turdus merula_Eurasian Blackbird": {"precision": 0.0625, "recall": 0.0031746031746031746, "f1-score": 0.006042296072507553, "support": 315}, "Vegetation": {"precision": 0.0, "recall": 0.0, "f1-score": 0.0, "support": 45}, "Wind": {"precision": 0.04883720930232558, "recall": 0.10824742268041238, "f1-score": 0.0673076923076923, "support": 194}, "micro avg": {"precision": 0.620916852264291, "recall": 0.7388471731448764, "f1-score": 0.6747680516337233, "support": 9056}, "macro avg": {"precision": 0.2699556137275406, "recall": 0.290426012081491, "f1-score": 0.25091325004298537, "support": 9056}, "weighted avg": {"precision": 0.6319820874764662, "recall": 0.7388471731448764, "f1-score": 0.6715582854470016, "support": 9056}, "samples avg": {"precision": 0.6808719560094265, "recall": 0.6881850147757452, "f1-score": 0.673413811714788, "support": 9056}}