{"20190621_010000.WAV": {"duration": 600.0, "sampling_rate": 48000}, "20190621_020000.WAV": {"duration": 600.0, "sampling_rate": 48000}, "20190621_030000.WAV": {"duration": 600.0, "sampling_rate": 48000}, "20190621_040000.WAV": {"duration": 600.0, "sampling_rate": 48000}, "20190621_050000.WAV": {"duration": 600.0, "sampling_rate": 48000}, "20190621_060000.WAV": {"duration": 600.0, "sampling_rate": 48000}, "20190621_070000.WAV": {"duration": 600.0, "sampling_rate": 48000}, "20190621_080000.WAV": {"duration": 600.0, "sampling_rate": 48000}, "20190621_090000.WAV": {"duration": 600.0, "sampling_rate": 48000}, "20190621_100000.WAV": {"duration": 600.0, "sampling_rate": 48000}, "20190621_110000.WAV": {"duration": 600.0, "sampling_rate": 48000}, "20190621_120000.WAV": {"duration": 600.0, "sampling_rate": 48000}, "20190621_130000.WAV": {"duration": 600.0, "sampling_rate": 48000}, "20190621_140000.WAV": {"duration": 600.0, "sampling_rate": 48000}, "20190621_150000.WAV": {"duration": 600.0, "sampling_rate": 48000}, "20190621_160000.WAV": {"duration": 600.0, "sampling_rate": 48000}, "20190621_170000.WAV": {"duration": 600.0, "sampling_rate": 48000}, "20190621_180000.WAV": {"duration": 600.0, "sampling_rate": 48000}, "20190621_190000.WAV": {"duration": 600.0, "sampling_rate": 48000}, "20190621_210000.WAV": {"duration": 600.0, "sampling_rate": 48000}, "20200215_060000.WAV": {"duration": 600.0, "sampling_rate": 48000}, "20200215_070000.WAV": {"duration": 600.0, "sampling_rate": 48000}, "20200215_080000.WAV": {"duration": 600.0, "sampling_rate": 48000}, "20200215_090000.WAV": {"duration": 600.0, "sampling_rate": 48000}, "20200215_100000.WAV": {"duration": 600.0, "sampling_rate": 48000}, "20200215_110000.WAV": {"duration": 600.0, "sampling_rate": 48000}, "20200215_120000.WAV": {"duration": 600.0, "sampling_rate": 48000}, "XC550203_0.WAV": {"duration": 282.12287981859413, "sampling_rate": 44100}, "XC623312_0.WAV": {"duration": 54.7865, "sampling_rate": 48000}, "XC624193_0.WAV": {"duration": 29.736520833333334, "sampling_rate": 48000}, "XC626692_0.WAV": {"duration": 211.37714583333334, "sampling_rate": 48000}, "XC629088_0.WAV": {"duration": 41.087868480725625, "sampling_rate": 44100}, "XC629089_0.WAV": {"duration": 11.435827664399094, "sampling_rate": 44100}, "XC672979_0.WAV": {"duration": 7.175770833333333, "sampling_rate": 48000}, "XC676170_0.WAV": {"duration": 13.412539682539682, "sampling_rate": 44100}, "XC680566_0.WAV": {"duration": 19.645, "sampling_rate": 48000}, "XC685952_0.WAV": {"duration": 5.199708333333334, "sampling_rate": 48000}, "XC688536_0.WAV": {"duration": 189.7130625, "sampling_rate": 48000}, "XC692162_0.WAV": {"duration": 56.57366666666667, "sampling_rate": 48000}, "XC697704_0.WAV": {"duration": 21.263673469387754, "sampling_rate": 44100}, "XC699216_0.WAV": {"duration": 24.6679375, "sampling_rate": 48000}, "XC701015_0.WAV": {"duration": 9.949160997732426, "sampling_rate": 44100}, "XC702450_0.WAV": {"duration": 46.53884353741497, "sampling_rate": 44100}, "XC708202_0.WAV": {"duration": 92.77783333333333, "sampling_rate": 48000}, "XC728530_0.WAV": {"duration": 34.93823129251701, "sampling_rate": 44100}, "XC746848_0.WAV": {"duration": 49.85390022675737, "sampling_rate": 44100}, "XC748029_0.WAV": {"duration": 21.07092970521542, "sampling_rate": 44100}, "XC748067_0.WAV": {"duration": 5.880498866213152, "sampling_rate": 44100}, "XC750026_0.WAV": {"duration": 5.3270975056689345, "sampling_rate": 44100}, "XC757256_0.WAV": {"duration": 8.934036281179138, "sampling_rate": 44100}, "XC761406_0.WAV": {"duration": 8.129145833333334, "sampling_rate": 48000}, "XC762241_0.WAV": {"duration": 5.838875, "sampling_rate": 24000}, "XC762243_0.WAV": {"duration": 4.962166666666667, "sampling_rate": 24000}, "XC763611_0.WAV": {"duration": 11.5540589569161, "sampling_rate": 44100}, "XC771752_0.WAV": {"duration": 11.10204081632653, "sampling_rate": 44100}, "XC785944_0.WAV": {"duration": 8.0050625, "sampling_rate": 48000}, "XC792232_0.WAV": {"duration": 143.28163265306122, "sampling_rate": 44100}, "XC793771_0.WAV": {"duration": 48.91372916666667, "sampling_rate": 48000}, "XC798394_0.WAV": {"duration": 33.533479166666666, "sampling_rate": 48000}, "XC800432_0.WAV": {"duration": 66.158125, "sampling_rate": 48000}, "XC808139_0.WAV": {"duration": 74.67256235827665, "sampling_rate": 44100}, "XC837555_0.WAV": {"duration": 211.2985625, "sampling_rate": 48000}, "XC839287_0.WAV": {"duration": 46.383378684807255, "sampling_rate": 44100}, "XC863396_0.WAV": {"duration": 18.13328798185941, "sampling_rate": 44100}, "XC863397_0.WAV": {"duration": 18.13328798185941, "sampling_rate": 44100}, "XC875428_0.WAV": {"duration": 162.2466875, "sampling_rate": 48000}, "XC881421_0.WAV": {"duration": 19.9576875, "sampling_rate": 48000}, "XC891286_0.WAV": {"duration": 5.50925, "sampling_rate": 48000}, "XC893580_0.WAV": {"duration": 15.10047619047619, "sampling_rate": 44100}, "XC893809_0.WAV": {"duration": 28.616, "sampling_rate": 48000}, "XC896342_0.WAV": {"duration": 129.75190476190477, "sampling_rate": 44100}, "XC897400_0.WAV": {"duration": 62.56979591836735, "sampling_rate": 44100}, "XC897680_0.WAV": {"duration": 153.30242630385487, "sampling_rate": 44100}, "XC900295_0.WAV": {"duration": 82.44002267573696, "sampling_rate": 44100}, "XC904408_0.WAV": {"duration": 196.97460416666667, "sampling_rate": 48000}, "XC908840_0.WAV": {"duration": 327.394375, "sampling_rate": 48000}, "XC908842_0.WAV": {"duration": 177.4543125, "sampling_rate": 48000}, "XC910114_0.WAV": {"duration": 74.32577083333334, "sampling_rate": 48000}, "XC910117_0.WAV": {"duration": 29.67385416666667, "sampling_rate": 48000}, "XC910266_0.WAV": {"duration": 55.03619047619048, "sampling_rate": 44100}, "XC913313_0.WAV": {"duration": 155.384875, "sampling_rate": 48000}, "XC431945_0.WAV": {"duration": 10.536, "sampling_rate": 48000}, "XC530743_0.WAV": {"duration": 37.632, "sampling_rate": 48000}, "XC530744_0.WAV": {"duration": 67.56, "sampling_rate": 48000}, "XC530797_0.WAV": {"duration": 13.824, "sampling_rate": 32000}, "XC530800_0.WAV": {"duration": 9.168, "sampling_rate": 48000}, "XC530806_0.WAV": {"duration": 9.247346938775511, "sampling_rate": 44100}, "XC631806_0.WAV": {"duration": 8.5, "sampling_rate": 44100}, "XC637399_0.WAV": {"duration": 8.3824375, "sampling_rate": 48000}, "XC658192_0.WAV": {"duration": 22.140375, "sampling_rate": 24000}, "XC660431_0.WAV": {"duration": 23.2035625, "sampling_rate": 48000}, "XC662699_0.WAV": {"duration": 19.040354166666667, "sampling_rate": 48000}, "XC679394_0.WAV": {"duration": 8.99390022675737, "sampling_rate": 44100}, "XC683149_0.WAV": {"duration": 5.935215419501134, "sampling_rate": 44100}, "XC687307_0.WAV": {"duration": 10.631, "sampling_rate": 48000}, "XC687675_0.WAV": {"duration": 63.0, "sampling_rate": 48000}, "XC687679_0.WAV": {"duration": 83.0, "sampling_rate": 48000}, "XC688253_0.WAV": {"duration": 22.512244897959185, "sampling_rate": 44100}, "XC692209_0.WAV": {"duration": 25.586938775510205, "sampling_rate": 44100}, "XC695260_0.WAV": {"duration": 31.171859410430837, "sampling_rate": 44100}, "XC696508_0.WAV": {"duration": 36.04897959183673, "sampling_rate": 44100}, "XC697817_0.WAV": {"duration": 16.337, "sampling_rate": 48000}, "XC701098_0.WAV": {"duration": 41.45700680272109, "sampling_rate": 44100}, "XC710720_0.WAV": {"duration": 16.846349206349206, "sampling_rate": 44100}, "XC715955_0.WAV": {"duration": 13.742086167800453, "sampling_rate": 44100}, "XC734833_0.WAV": {"duration": 58.67487528344671, "sampling_rate": 44100}, "XC750291_0.WAV": {"duration": 48.19591836734694, "sampling_rate": 44100}, "XC761241_0.WAV": {"duration": 12.294965986394558, "sampling_rate": 44100}, "XC778146_0.WAV": {"duration": 43.49387755102041, "sampling_rate": 44100}, "XC778325_0.WAV": {"duration": 32.3134693877551, "sampling_rate": 44100}, "XC778811_0.WAV": {"duration": 122.07020408163265, "sampling_rate": 44100}, "XC780472_0.WAV": {"duration": 55.40439583333333, "sampling_rate": 48000},