{
    "20190607_060000.WAV": {
        "duration": 600.0,
        "sampling_rate": 48000
    },
    "20190607_070000.WAV": {
        "duration": 600.0,
        "sampling_rate": 48000
    },
    "20190607_080000.WAV": {
        "duration": 600.0,
        "sampling_rate": 48000
    },
    "20190607_090000.WAV": {
        "duration": 600.0,
        "sampling_rate": 48000
    },
    "20190607_100000.WAV": {
        "duration": 600.0,
        "sampling_rate": 48000
    },
    "20190607_110000.WAV": {
        "duration": 600.0,
        "sampling_rate": 48000
    },
    "20190607_120000.WAV": {
        "duration": 600.0,
        "sampling_rate": 48000
    },
    "XC685625_0.WAV": {
        "duration": 22.753458333333334,
        "sampling_rate": 48000
    },
    "XC696997_0.WAV": {
        "duration": 88.05006802721088,
        "sampling_rate": 44100
    },
    "XC713961_0.WAV": {
        "duration": 54.93864583333333,
        "sampling_rate": 48000
    },
    "XC753802_0.WAV": {
        "duration": 6.865291666666667,
        "sampling_rate": 48000
    },
    "XC761451_0.WAV": {
        "duration": 18.859020833333332,
        "sampling_rate": 48000
    },
    "XC882147_0.WAV": {
        "duration": 58.2968125,
        "sampling_rate": 48000
    },
    "XC957959_0.WAV": {
        "duration": 6.743628117913832,
        "sampling_rate": 44100
    },
    "XC366053_0.WAV": {
        "duration": 31.410604166666666,
        "sampling_rate": 48000
    },
    "XC425835_0.WAV": {
        "duration": 18.7946875,
        "sampling_rate": 48000
    },
    "XC680900_0.WAV": {
        "duration": 35.86635416666667,
        "sampling_rate": 48000
    },
    "XC715987_0.WAV": {
        "duration": 19.374791666666667,
        "sampling_rate": 48000
    },
    "XC738886_0.WAV": {
        "duration": 13.045166666666667,
        "sampling_rate": 48000
    },
    "XC811751_0.WAV": {
        "duration": 27.161833333333334,
        "sampling_rate": 48000
    },
    "XC827928_0.WAV": {
        "duration": 103.8318125,
        "sampling_rate": 48000
    },
    "XC925198_0.WAV": {
        "duration": 32.023968253968256,
        "sampling_rate": 44100
    },
    "XC934870_0.WAV": {
        "duration": 12.6466875,
        "sampling_rate": 48000
    },
    "XC971285_0.WAV": {
        "duration": 5.527770833333333,
        "sampling_rate": 48000
    },
    "XC975372_0.WAV": {
        "duration": 79.9032879818594,
        "sampling_rate": 44100
    },
    "XC931635_0.WAV": {
        "duration": 20.727,
        "sampling_rate": 24000
    },
    "XC931827_0.WAV": {
        "duration": 159.69766439909296,
        "sampling_rate": 44100
    },
    "XC938020_0.WAV": {
        "duration": 29.85315192743764,
        "sampling_rate": 44100
    },
    "XC444942_0.WAV": {
        "duration": 102.024,
        "sampling_rate": 48000
    },
    "XC642492_0.WAV": {
        "duration": 34.89557823129252,
        "sampling_rate": 44100
    },
    "XC714343_0.WAV": {
        "duration": 51.064083333333336,
        "sampling_rate": 48000
    },
    "XC803211_0.WAV": {
        "duration": 14.837551020408164,
        "sampling_rate": 44100
    },
    "XC893812_0.WAV": {
        "duration": 20.443291666666667,
        "sampling_rate": 48000
    },
    "XC971661_0.WAV": {
        "duration": 54.09520833333333,
        "sampling_rate": 48000
    },
    "XC976762_0.WAV": {
        "duration": 27.992875,
        "sampling_rate": 48000
    },
    "XC691725_0.WAV": {
        "duration": 15.837,
        "sampling_rate": 48000
    },
    "XC727604_0.WAV": {
        "duration": 40.0849375,
        "sampling_rate": 48000
    },
    "XC729201_0.WAV": {
        "duration": 56.04,
        "sampling_rate": 48000
    },
    "XC732302_0.WAV": {
        "duration": 22.213514739229026,
        "sampling_rate": 44100
    },
    "XC733505_0.WAV": {
        "duration": 100.17291666666667,
        "sampling_rate": 48000
    },
    "XC801434_0.WAV": {
        "duration": 27.619125,
        "sampling_rate": 48000
    },
    "XC902525_0.WAV": {
        "duration": 36.61027083333333,
        "sampling_rate": 48000
    },
    "XC911886_0.WAV": {
        "duration": 25.483041666666665,
        "sampling_rate": 48000
    },
    "XC946355_0.WAV": {
        "duration": 7.237097505668935,
        "sampling_rate": 44100
    },
    "XC949949_0.WAV": {
        "duration": 20.138583333333333,
        "sampling_rate": 48000
    },
    "XC950396_0.WAV": {
        "duration": 2.815419501133787,
        "sampling_rate": 44100
    },
    "XC955955_0.WAV": {
        "duration": 6.024,
        "sampling_rate": 48000
    },
    "XC956940_0.WAV": {
        "duration": 44.496,
        "sampling_rate": 32000
    },
    "XC980998_0.WAV": {
        "duration": 114.372,
        "sampling_rate": 32000
    },
    "XC475105_0.WAV": {
        "duration": 44.1914375,
        "sampling_rate": 48000
    },
    "XC554931_0.WAV": {
        "duration": 39.06,
        "sampling_rate": 48000
    },
    "XC655677_0.WAV": {
        "duration": 251.58033333333333,
        "sampling_rate": 48000
    },
    "XC656117_0.WAV": {
        "duration": 19.725354166666666,
        "sampling_rate": 48000
    },
    "XC668297_0.WAV": {
        "duration": 67.48791383219955,
        "sampling_rate": 44100
    },
    "XC669748_0.WAV": {
        "duration": 19.512,
        "sampling_rate": 32000
    },
    "XC699217_0.WAV": {
        "duration": 91.85920833333333,
        "sampling_rate": 48000
    },
    "XC699878_0.WAV": {
        "duration": 30.377437641723358,
        "sampling_rate": 44100
    },
    "XC720871_0.WAV": {
        "duration": 117.76095238095238,
        "sampling_rate": 22050
    },
    "XC721327_0.WAV": {
        "duration": 39.32083333333333,
        "sampling_rate": 48000
    },
    "XC721975_0.WAV": {
        "duration": 61.62575963718821,
        "sampling_rate": 44100
    },
    "XC840067_0.WAV": {
        "duration": 89.3106875,
        "sampling_rate": 48000
    },
    "XC900653_0.WAV": {
        "duration": 67.05560090702947,
        "sampling_rate": 44100
    },
    "XC904746_0.WAV": {
        "duration": 160.38097505668935,
        "sampling_rate": 44100
    },
    "XC912998_0.WAV": {
        "duration": 32.010997732426304,
        "sampling_rate": 44100
    },
    "XC981987_0.WAV": {
        "duration": 199.65945578231293,
        "sampling_rate": 44100
    },
    "XC840441_0.WAV": {
        "duration": 80.0884126984127,
        "sampling_rate": 44100
    },
    "XC870807_0.WAV": {
        "duration": 66.79510204081633,
        "sampling_rate": 44100
    },
    "XC899720_0.WAV": {
        "duration": 49.34827083333333,
        "sampling_rate": 48000
    },
    "XC900651_0.WAV": {
        "duration": 15.8145625,
        "sampling_rate": 48000
    },
    "XC900998_0.WAV": {
        "duration": 35.32827664399093,
        "sampling_rate": 44100
    },
    "XC901642_0.WAV": {
        "duration": 308.96133333333336,
        "sampling_rate": 48000
    },
    "XC911175_0.WAV": {
        "duration": 37.7058125,
        "sampling_rate": 48000
    },
    "XC756190_0.WAV": {
        "duration": 6.225708333333333,
        "sampling_rate": 48000
    },
    "XC818169_0.WAV": {
        "duration": 47.333416666666665,
        "sampling_rate": 48000
    },
    "XC818170_0.WAV": {
        "duration": 72.001375,
        "sampling_rate": 48000
    },
    "XC877694_0.WAV": {
        "duration": 43.3592970521542,
        "sampling_rate": 44100
    },
    "XC978938_0.WAV": {
        "duration": 41.299395833333335,
        "sampling_rate": 48000
    },
    "20190612_020000.WAV": {
        "duration": 600.0,
        "sampling_rate": 48000
    },
    "20190612_030000.WAV": {
        "duration": 600.0,
        "sampling_rate": 48000
    }
}