{"Certhia familiaris_Eurasian Treecreeper": 0.22091763504225798, "Dendrocopos major_Great Spotted Woodpecker": 0.11559316515922546, "Dryocopus martius_Black Woodpecker": 0.1147044375538826, "Erithacus rubecula_European Robin": 0.17526150833476672, "Fringilla coelebs_Common Chaffinch": 0.13203308174405434, "Lophophanes cristatus_Crested Tit": 0.9024355303157459, "Loxia curvirostra_Common Crossbill": 0.10169851779937744, "Muscicapa striata_Spotted Flycatcher": 0.18318963592702692, "Pecking_": 0.8297277670165506, "Periparus ater_Coal Tit": 0.155202459656831, "Phylloscopus collybita_Common Chiffchaff": 0.1000770777463913, "Rain_": 0.12149420847194363, "Regulus ignicapilla_Common Firecrest": 0.18158720569177106, "Regulus regulus_Goldcrest": 0.17051322592629325, "Sylvia atricapilla_Eurasian Blackcap": 0.2539976859333539, "Troglodytes troglodytes_Eurasian Wren": 0.18678416311740875, "Turdus merula_Eurasian Blackbird": 0.31324130296707153, "Turdus philomelos_Song Thrush": 0.23066542997504724, "Turdus viscivorus_Mistle Thrush": 0.11479521730933527, "Vegetation_": 0.893075357106599, "Wind_": 0.15023561469232194}