{"Certhia familiaris_Eurasian Treecreeper": 0.3260695452641959, "Dendrocopos major_Great Spotted Woodpecker": 0.2595857083797455, "Dryocopus martius_Black Woodpecker": 0.4141795039176941, "Erithacus rubecula_European Robin": 0.28878992795944214, "Fringilla coelebs_Common Chaffinch": 0.250076025724411, "Lophophanes cristatus_Crested Tit": 0.8359681638804349, "Loxia curvirostra_Common Crossbill": 0.5784583434914098, "Muscicapa striata_Spotted Flycatcher": 0.26079103350639343, "Pecking_": 0.8979470868303319, "Periparus ater_Coal Tit": 0.31581333490333174, "Phylloscopus collybita_Common Chiffchaff": 0.25949913263320923, "Rain_": 0.2611730992794037, "Regulus ignicapilla_Common Firecrest": 0.3331939180692037, "Regulus regulus_Goldcrest": 0.2554644460629935, "Sylvia atricapilla_Eurasian Blackcap": 0.42233136868236043, "Troglodytes troglodytes_Eurasian Wren": 0.25160735845565796, "Turdus merula_Eurasian Blackbird": 0.5913880955089222, "Turdus philomelos_Song Thrush": 0.2650089164574941, "Turdus viscivorus_Mistle Thrush": 0.2556665431369435, "Vegetation_": 0.8900228853177543, "Wind_": 0.5350951811279914}