{"Aeroplane": {"precision": 0.0, "recall": 0.0, "f1-score": 0.0, "support": 22}, "Certhia familiaris_Eurasian Treecreeper": {"precision": 0.0, "recall": 0.0, "f1-score": 0.0, "support": 3}, "Dendrocopos major_Great Spotted Woodpecker": {"precision": 0.8, "recall": 0.64, "f1-score": 0.7111111111111111, "support": 25}, "Dryocopus martius_Black Woodpecker": {"precision": 1.0, "recall": 0.047619047619047616, "f1-score": 0.0909090909090909, "support": 21}, "Erithacus rubecula_European Robin": {"precision": 0.8741721854304636, "recall": 0.4748201438848921, "f1-score": 0.6153846153846154, "support": 556}, "Fringilla coelebs_Common Chaffinch": {"precision": 0.3869784502521779, "recall": 0.7910028116213683, "f1-score": 0.5197044334975369, "support": 1067}, "Lophophanes cristatus_Crested Tit": {"precision": 0.3333333333333333, "recall": 0.5, "f1-score": 0.4, "support": 14}, "Loxia curvirostra_Common Crossbill": {"precision": 0.7647058823529411, "recall": 0.5, "f1-score": 0.6046511627906976, "support": 52}, "Muscicapa striata_Spotted Flycatcher": {"precision": 0.0, "recall": 0.0, "f1-score": 0.0, "support": 108}, "None": {"precision": 0.8842241938974248, "recall": 0.8326879967393519, "f1-score": 0.857682619647355, "support": 4907}, "Pecking": {"precision": 0.0, "recall": 0.0, "f1-score": 0.0, "support": 8}, "Periparus ater_Coal Tit": {"precision": 0.391304347826087, "recall": 0.32142857142857145, "f1-score": 0.35294117647058826, "support": 28}, "Phylloscopus collybita_Common Chiffchaff": {"precision": 0.9029126213592233, "recall": 0.13798219584569732, "f1-score": 0.2393822393822394, "support": 674}, "Rain": {"precision": 0.0, "recall": 0.0, "f1-score": 0.0, "support": 32}, "Regulus ignicapilla_Common Firecrest": {"precision": 0.1900369003690037, "recall": 0.4327731092436975, "f1-score": 0.2641025641025641, "support": 238}, "Regulus regulus_Goldcrest": {"precision": 0.21428571428571427, "recall": 0.25, "f1-score": 0.23076923076923075, "support": 12}, "Sylvia atricapilla_Eurasian Blackcap": {"precision": 0.3074866310160428, "recall": 0.4665314401622718, "f1-score": 0.37066881547139396, "support": 493}, "Troglodytes troglodytes_Eurasian Wren": {"precision": 1.0, "recall": 0.02702702702702703, "f1-score": 0.052631578947368425, "support": 111}, "Turdus merula_Eurasian Blackbird": {"precision": 0.6197183098591549, "recall": 0.13968253968253969, "f1-score": 0.22797927461139894, "support": 315}, "Turdus philomelos_Song Thrush": {"precision": 0.03571428571428571, "recall": 0.06896551724137931, "f1-score": 0.047058823529411764, "support": 58}, "Vegetation": {"precision": 0.14285714285714285, "recall": 0.02564102564102564, "f1-score": 0.043478260869565216, "support": 39}, "Wind": {"precision": 0.06321401370906321, "recall": 0.43915343915343913, "f1-score": 0.11051930758988014, "support": 189}, "micro avg": {"precision": 0.5742349457058242, "recall": 0.6483504235399019, "f1-score": 0.6090461731755837, "support": 8972}, "macro avg": {"precision": 0.4050429096482754, "recall": 0.277059766604105, "f1-score": 0.2608624684129112, "support": 8972}, "weighted avg": {"precision": 0.7209069945772411, "recall": 0.6483504235399019, "f1-score": 0.6335951805209511, "support": 8972}, "samples avg": {"precision": 0.5863340297406907, "recall": 0.6739277374953915, "f1-score": 0.6054565564704437, "support": 8972}}