{"Aeroplane": {"precision": 0.0, "recall": 0.0, "f1-score": 0.0, "support": 22}, "Certhia familiaris_Eurasian Treecreeper": {"precision": 0.0, "recall": 0.0, "f1-score": 0.0, "support": 3}, "Dendrocopos major_Great Spotted Woodpecker": {"precision": 1.0, "recall": 0.5625, "f1-score": 0.72, "support": 16}, "Dryocopus martius_Black Woodpecker": {"precision": 0.0, "recall": 0.0, "f1-score": 0.0, "support": 21}, "Erithacus rubecula_European Robin": {"precision": 0.5903846153846154, "recall": 0.5591985428051002, "f1-score": 0.5743685687558465, "support": 549}, "Fringilla coelebs_Common Chaffinch": {"precision": 0.5237467018469657, "recall": 0.8093781855249745, "f1-score": 0.6359631557869444, "support": 981}, "Lophophanes cristatus_Crested Tit": {"precision": 0.0, "recall": 0.0, "f1-score": 0.0, "support": 3}, "Loxia curvirostra_Common Crossbill": {"precision": 0.5, "recall": 0.02040816326530612, "f1-score": 0.039215686274509796, "support": 49}, "Muscicapa striata_Spotted Flycatcher": {"precision": 0.0, "recall": 0.0, "f1-score": 0.0, "support": 14}, "None": {"precision": 0.8497519489723601, "recall": 0.9374511336982018, "f1-score": 0.8914498141263941, "support": 5116}, "Pecking": {"precision": 0.0, "recall": 0.0, "f1-score": 0.0, "support": 8}, "Periparus ater_Coal Tit": {"precision": 0.15789473684210525, "recall": 0.75, "f1-score": 0.2608695652173913, "support": 20}, "Phylloscopus collybita_Common Chiffchaff": {"precision": 0.9220183486238532, "recall": 0.3004484304932735, "f1-score": 0.4532130777903044, "support": 669}, "Rain": {"precision": 0.0, "recall": 0.0, "f1-score": 0.0, "support": 23}, "Regulus ignicapilla_Common Firecrest": {"precision": 0.49640287769784175, "recall": 0.5974025974025974, "f1-score": 0.5422396856581533, "support": 231}, "Regulus regulus_Goldcrest": {"precision": 0.09230769230769231, "recall": 0.6, "f1-score": 0.16, "support": 10}, "Sylvia atricapilla_Eurasian Blackcap": {"precision": 0.21646090534979423, "recall": 0.5400410677618069, "f1-score": 0.309048178613396, "support": 487}, "Troglodytes troglodytes_Eurasian Wren": {"precision": 1.0, "recall": 0.036036036036036036, "f1-score": 0.06956521739130435, "support": 111}, "Turdus merula_Eurasian Blackbird": {"precision": 0.5241730279898219, "recall": 0.6710097719869706, "f1-score": 0.5885714285714285, "support": 307}, "Turdus philomelos_Song Thrush": {"precision": 0.02, "recall": 0.034482758620689655, "f1-score": 0.02531645569620253, "support": 58}, "Vegetation": {"precision": 0.0, "recall": 0.0, "f1-score": 0.0, "support": 26}, "Wind": {"precision": 0.010309278350515464, "recall": 0.02054794520547945, "f1-score": 0.013729977116704806, "support": 146}, "micro avg": {"precision": 0.6509989383264164, "recall": 0.7604284103720406, "f1-score": 0.7014715823410119, "support": 8870}, "macro avg": {"precision": 0.31379318788025296, "recall": 0.29267748330911075, "f1-score": 0.24016140049993542, "support": 8870}, "weighted avg": {"precision": 0.7149189048563134, "recall": 0.7604284103720406, "f1-score": 0.7092417009336117, "support": 8870}, "samples avg": {"precision": 0.7255126312335959, "recall": 0.7770464238845144, "f1-score": 0.7380990462129734, "support": 8870}}