{"Aeroplane": {"precision": 0.0, "recall": 0.0, "f1-score": 0.0, "support": 22}, "Anthus trivialis_Tree Pipit": {"precision": 0.7604166666666666, "recall": 0.45625, "f1-score": 0.5703125, "support": 160}, "Certhia familiaris_Eurasian Treecreeper": {"precision": 0.5263157894736842, "recall": 0.21739130434782608, "f1-score": 0.3076923076923077, "support": 92}, "Coccothraustes coccothraustes_Hawfinch": {"precision": 0.5, "recall": 0.011494252873563218, "f1-score": 0.02247191011235955, "support": 87}, "Cuculus canorus_Common Cuckoo": {"precision": 0.0, "recall": 0.0, "f1-score": 0.0, "support": 3}, "Erithacus rubecula_European Robin": {"precision": 0.4896449704142012, "recall": 0.5953237410071942, "f1-score": 0.5373376623376622, "support": 556}, "Fringilla coelebs_Common Chaffinch": {"precision": 0.575, "recall": 0.6547445255474452, "f1-score": 0.6122866894197951, "support": 1370}, "Lophophanes cristatus_Crested Tit": {"precision": 0.0, "recall": 0.0, "f1-score": 0.0, "support": 23}, "Loxia curvirostra_Common Crossbill": {"precision": 0.8, "recall": 0.1111111111111111, "f1-score": 0.19512195121951217, "support": 36}, "Muscicapa striata_Spotted Flycatcher": {"precision": 0.0, "recall": 0.0, "f1-score": 0.0, "support": 173}, "None": {"precision": 0.6959734580003016, "recall": 0.9854793935511424, "f1-score": 0.8158034293795298, "support": 4683}, "Parus major_Great Tit": {"precision": 0.0, "recall": 0.0, "f1-score": 0.0, "support": 14}, "Periparus ater_Coal Tit": {"precision": 0.7606837606837606, "recall": 0.419811320754717, "f1-score": 0.541033434650456, "support": 212}, "Phylloscopus collybita_Common Chiffchaff": {"precision": 0.43654114365411434, "recall": 0.46439169139465875, "f1-score": 0.45003594536304814, "support": 674}, "Regulus ignicapilla_Common Firecrest": {"precision": 0.7660377358490567, "recall": 0.35304347826086957, "f1-score": 0.48333333333333334, "support": 575}, "Regulus regulus_Goldcrest": {"precision": 0.47058823529411764, "recall": 0.058823529411764705, "f1-score": 0.10457516339869281, "support": 136}, "Sylvia atricapilla_Eurasian Blackcap": {"precision": 0.22831505483549352, "recall": 0.4645030425963489, "f1-score": 0.30614973262032086, "support": 493}, "Troglodytes troglodytes_Eurasian Wren": {"precision": 0.6415094339622641, "recall": 0.16346153846153846, "f1-score": 0.26053639846743293, "support": 208}, "Turdus merula_Eurasian Blackbird": {"precision": 0.06896551724137931, "recall": 0.006349206349206349, "f1-score": 0.011627906976744186, "support": 315}, "Vegetation": {"precision": 0.0, "recall": 0.0, "f1-score": 0.0, "support": 45}, "Wind": {"precision": 0.02127659574468085, "recall": 0.005154639175257732, "f1-score": 0.008298755186721992, "support": 194}, "micro avg": {"precision": 0.6006164685160722, "recall": 0.6771919372455566, "f1-score": 0.6366097265005134, "support": 10071}, "macro avg": {"precision": 0.36863182675332, "recall": 0.23653965594488782, "f1-score": 0.2488865295313294, "support": 10071}, "weighted avg": {"precision": 0.5752591097873642, "recall": 0.6771919372455566, "f1-score": 0.5964745750925419, "support": 10071}, "samples avg": {"precision": 0.6482859795728877, "recall": 0.6974373259052925, "f1-score": 0.6597323252420745, "support": 10071}}