{"Aeroplane": {"precision": 0.0, "recall": 0.0, "f1-score": 0.0, "support": 22}, "Anthus trivialis_Tree Pipit": {"precision": 0.8241758241758241, "recall": 0.46875, "f1-score": 0.597609561752988, "support": 160}, "Certhia familiaris_Eurasian Treecreeper": {"precision": 0.759493670886076, "recall": 0.6521739130434783, "f1-score": 0.7017543859649124, "support": 92}, "Coccothraustes coccothraustes_Hawfinch": {"precision": 0.7222222222222222, "recall": 0.14942528735632185, "f1-score": 0.24761904761904766, "support": 87}, "Cuculus canorus_Common Cuckoo": {"precision": 0.0, "recall": 0.0, "f1-score": 0.0, "support": 3}, "Erithacus rubecula_European Robin": {"precision": 0.4176954732510288, "recall": 0.7302158273381295, "f1-score": 0.531413612565445, "support": 556}, "Fringilla coelebs_Common Chaffinch": {"precision": 0.5167719980554205, "recall": 0.775912408759124, "f1-score": 0.6203676685147359, "support": 1370}, "Lophophanes cristatus_Crested Tit": {"precision": 0.0, "recall": 0.0, "f1-score": 0.0, "support": 23}, "Loxia curvirostra_Common Crossbill": {"precision": 1.0, "recall": 0.2222222222222222, "f1-score": 0.3636363636363636, "support": 36}, "Muscicapa striata_Spotted Flycatcher": {"precision": 0.0, "recall": 0.0, "f1-score": 0.0, "support": 173}, "None": {"precision": 0.7614170584284755, "recall": 0.9683963271407218, "f1-score": 0.8525237334335934, "support": 4683}, "Parus major_Great Tit": {"precision": 0.0, "recall": 0.0, "f1-score": 0.0, "support": 14}, "Periparus ater_Coal Tit": {"precision": 0.9487179487179487, "recall": 0.17452830188679244, "f1-score": 0.29482071713147406, "support": 212}, "Phylloscopus collybita_Common Chiffchaff": {"precision": 0.5643835616438356, "recall": 0.6112759643916914, "f1-score": 0.5868945868945868, "support": 674}, "Regulus ignicapilla_Common Firecrest": {"precision": 0.7677902621722846, "recall": 0.3565217391304348, "f1-score": 0.4869358669833729, "support": 575}, "Regulus regulus_Goldcrest": {"precision": 0.32941176470588235, "recall": 0.20588235294117646, "f1-score": 0.25339366515837103, "support": 136}, "Sylvia atricapilla_Eurasian Blackcap": {"precision": 0.33641160949868076, "recall": 0.5172413793103449, "f1-score": 0.407673860911271, "support": 493}, "Troglodytes troglodytes_Eurasian Wren": {"precision": 0.6933333333333334, "recall": 0.25, "f1-score": 0.3674911660777385, "support": 208}, "Turdus merula_Eurasian Blackbird": {"precision": 0.45454545454545453, "recall": 0.015873015873015872, "f1-score": 0.030674846625766868, "support": 315}, "Vegetation": {"precision": 0.0, "recall": 0.0, "f1-score": 0.0, "support": 45}, "Wind": {"precision": 0.03070175438596491, "recall": 0.03608247422680412, "f1-score": 0.03317535545023696, "support": 194}, "micro avg": {"precision": 0.626509186351706, "recall": 0.7110515341078344, "f1-score": 0.666108553090554, "support": 10071}, "macro avg": {"precision": 0.43462247314392544, "recall": 0.29211910541048847, "f1-score": 0.30361830660570976, "support": 10071}, "weighted avg": {"precision": 0.6288860718678508, "recall": 0.7110515341078344, "f1-score": 0.6353479887734882, "support": 10071}, "samples avg": {"precision": 0.6828765088207985, "recall": 0.7306685236768802, "f1-score": 0.6904788433479242, "support": 10071}}