Metric,Value
mAP (sample-wise),0.5949251646368509
cmAP (class-wise),0.3358294477755884
F0.5 Score,0.3707777321129455
